6.1.1	ハヌマーンが述べたとおりの言葉を聞き、ラーマは喜びに満たされ、次のように答えた。
6.1.2	「ハヌマーンは、地上で他の誰にも心に思うことすらできないほどの、偉大にして困難な業を成し遂げた。
6.1.3	ガルダと風神とハヌマーン以外に、この大海を渡れる者を私は見出せない。
6.1.4	神、ダーナヴァ、ヤクシャ、ガンダルヴァ、龍蛇、羅刹にも近づきがたく、ラーヴァナに堅く守られたランカーの都に、
6.1.5	勇気を頼りに入り込み、生きて出てこられる者が誰かいようか。武勇と力に恵まれたハヌマーンに匹敵しない者が、羅刹に厳重に守られたあの難攻不落の城に誰が入り得よう。
6.1.6	ハヌマーンはスグリーヴァのために家臣としての大いなる務めを果たした。己の力とその武勇にふさわしい形で。
6.1.7	困難な任務に主から命じられた家臣が、主への忠誠をもってそれを遂行する——そのような者を人は最上の人と呼ぶ。
6.1.8	王の仕事を命じられながら、能力があり適任でありながらも集中して成し遂げない家臣——そのような者を人は最低の人と呼ぶ。
6.1.9	その任務に就いたハヌマーンは務めを果たし、自らを貶めることもなく、スグリーヴァをも満足させた。
6.1.10	私もラグ王家も大力のラクシュマナも、ヴァイデーヒーの発見によって今日、法によって救われた。
6.1.11	しかしこの哀れな私の心をさらに引き裂くのは、この吉報を告げる者にふさわしいお返しを、ここで何もできないことだ。
6.1.12	この抱擁こそ私の全財産であり、この時にあたって偉大なるハヌマーンに与えられる唯一のものだ。」
6.1.13	「シーターの捜索はあらゆる面でよく成し遂げられた。しかし海に至って、再び私の心は沈む。
6.1.14	渡りがたい大水の海の南岸に、猿たちはいかにして精神を集中して渡るのか。
6.1.15	ヴァイデーヒーの消息は確かに私に告げられた。しかし猿たちの海の彼岸への渡航については、いかなる答えがあるのか。」
6.1.16	こう語って、敵を滅ぼすラーマは悲嘆に打ちひしがれ、大いなる腕のハヌマーンを前にして、沈思に入った。
6.2.1	悲嘆に沈むダシャラタの子ラーマに、輝かしきスグリーヴァは悲しみを消す言葉を語った。
6.2.2	「なぜ汝は凡人のように嘆くのか、勇者よ。そうあってはならぬ。忘恩の者が友情を捨てるように、嘆きを捨てよ。
6.2.3	ラーガヴァよ、汝が嘆くべき理由を私は見出せない。行方は判明し、敵の住処も知れたのだから。
6.2.4	汝は忍耐力があり、学問に通じ、賢く、博学なるラーガヴァである。己を損なうこの悪しき考えを捨てよ。
6.2.5	大鰐の群がる海を跳び越えて、ランカーに攻め上り、汝の敵を討とう。
6.2.6	意欲のない者、卑屈な者、悲嘆に心乱れた者からは、すべての目的が崩れ去り、災難がやってくる。
6.2.7	我らの猿の群れの長たちは皆、勇猛にして有能である。汝のために火の中にさえ入る覚悟ができている。
6.2.8	彼らの喜びから私は知り、これに対する私の推論も確固たるものだ。武勇をもって敵を討ち、シーターを連れ戻そう。
6.2.9	ラーガヴァよ、恐ろしき大海を渡る架橋の方法を考え、あの羅刹の王の都を見られるよう、策を講じよ。
6.2.10	トリクータの峰に位置するランカーの都を目にし、戦でラーヴァナが討たれるさまを、確信をもって見据えよ。
6.2.11	海に橋が架けられ、ランカーの近くに至り、全軍が渡り終えれば、勝利は確実と心得よ。
6.2.12	この猿の勇者たちは戦場で勇猛にして思いのままに姿を変える。王よ、一切の目的を損なう弱気な考えはもうよせ。
6.2.13	この世において、人の嘆きは武勇を奪うものだ。汝のごとき偉大なる魂を持つ勇猛な人間がなすべきことは、勇敢さに頼ることである。
6.2.14	失われたものであれ、奪われたものであれ、嘆きはすべての目的を破壊する。汝は知恵ある者の中の最上にして、すべての学問の真髄に通じている。
6.2.15	私のような臣下とともに、ここで敵を打ち破るべきだ。ラーガヴァよ、三界において弓を手にした汝の前に立ち向かえる者は見当たらぬ。
6.2.16	猿たちに託された汝の務めは決して失敗しない。
6.2.17	尽きることなき海を渡れば、速やかにシーターに会えよう。嘆きに縋るのをやめ、怒りを抱け、王よ。
6.2.18	弱腰の武人は怠惰で、皆が激しい者を恐れる。恐ろしき河の主たる大海を渡るために、
6.2.19	我らとともにここで、鋭き知恵をもって思案せよ。この猿の勇者たちは戦場で勇猛にして思いのままに姿を変える。
6.2.20	岩と樹木の雨で敵を打ち砕くであろう。我らは何とかしてヴァルナの住処を見渡す方法を見つけよう。
6.2.21	多く語るまでもない。あらゆる面で汝こそ勝利者である。」
6.3.1	スグリーヴァの道理にかなった言葉を聞き、最高の真理を知るカークツタはそれを受け入れ、ハヌマーンにこう語った。
6.3.2	「力ずくの架橋によっても、大海の干上がらせによっても、あらゆる方法でこの海を渡る力が私にはある。
6.3.3	難攻不落のランカーの要塞について語ってくれ。すべてを知りたい、実際に見たかのように、猿よ。
6.3.4	軍勢の規模、門と要塞の構造、ランカーの防備の仕組み、そして羅刹たちの住居についても。
6.3.5	ランカーで見たことをすべて、ありのままに安心して語れ。汝はあらゆる面で有能な者だ。」
6.3.6	ラーマの言葉を聞いて、風神の子ハヌマーンは、言葉を知る者の中の最上として、再びラーマに語った。
6.3.7	「すべてをお聞きください。要塞の構造から、ランカーの都がいかに守られ、いかに軍勢で防衛されているかを語りましょう。
6.3.8	ランカーの極めて高い繁栄と、大海の恐ろしさと、軍勢の配置と、乗り物の指定について。
6.3.9	ランカーは喜びに満ち、酔った象で賑わい、壮大にして戦車に満ち、羅刹の群れがひしめいている。
6.3.10	堅固に閉ざされた門扉と、大きな横木を備えた門が四つあり、広大にして極めて壮大である。
6.3.11	土塁の上には投石機があり、強力で巨大で、到来する敵軍をそこで撃退する。
6.3.12	門には恐ろしい黒鉄製の鋭い百殺器が、羅刹の群れの勇者たちによって幾百と設置されている。
6.3.13	黄金の壮大な城壁は攻めがたく、宝石、珊瑚、猫目石、真珠がちりばめられている。
6.3.14	四方にはすべて恐ろしく、冷水をたたえ、極めて清らかで、底なしで鰐が棲み、魚が群がる堀がある。
6.3.15	門のところには四つの跳ね橋があり、極めて長く、堅固な継ぎ手を持つ多くの装置が備わっている。
6.3.16	敵軍が来ると、その跳ね橋が装置で堀の中に四方から投げ落とされ、敵を防ぐ。
6.3.17	一つだけ揺るぎなく頑丈で極めて堅固な橋があり、黄金の多くの柱と欄干で飾られている。
6.3.18	ラーマよ、ラーヴァナは本来の資質に恵まれ、戦意に燃え、奮い立ち油断なく軍勢を見張っている。
6.3.19	ランカーの都は頼りにならず、天然の要塞にして恐ろしい。河川型、山岳型、森林型、人工型の四種の要塞を備えている。
6.3.20	ラーガヴァよ、海の彼方に位置し、航路もなく、あらゆる方向から目印もない。
6.3.21	山の頂に築かれたその難攻不落の都は天界の都にも似て、馬と象に満ち、ランカーは極めて攻めがたい。
6.3.22	棍棒、百殺器、さまざまな兵器が邪悪なるラーヴァナのランカーの都を守っている。
6.3.23	一万の羅刹が西門を守っている。槍を持ち、倒しがたく、皆が剣の達人である。
6.3.24	十万の羅刹が南門を守っている。四軍を率いる最上の戦士たちである。
6.3.25	百万の羅刹が東門を守っている。皆が盾と剣を持ち、すべての武器に精通している。
6.3.26	一億の羅刹が北門を守っている。戦車兵、騎兵であり、名家の子弟にして大いに崇められる者たちである。
6.3.27	中央の陣営には百千の十万——千万の倒しがたい夜叉族がおり、さらに一億を超える羅刹がいる。
6.3.28	それらの跳ね橋は私によって壊され、堀は埋められ、ランカーの都は焼かれ、城壁も打ち倒された。
6.3.29	いかなる手段であれヴァルナの住処を渡ろう。ランカーの都は滅んだも同然と、猿たちは確信せよ。
6.3.30	アンガダ、ドヴィヴィダ、マインダ、ジャーンバヴァーン、パナサ、ナラ、そして将軍ニーラがいる。残りの軍勢など何の必要があろう。
6.3.31	跳躍してあのラーヴァナの大都に赴けば、城壁も邸宅もろとも、マイティリーを連れ戻すであろう。
6.3.32	されば速やかに命じたまえ、全軍の結集を。吉なる時を選んで出発をお決めください。」
6.4.1	ハヌマーンの言葉を順を追って聞き、偉大なる輝きのラーマ、真実の武勇の持ち主はこう述べた。
6.4.2	「汝が伝えるあの恐ろしき羅刹のランカーの都を、速やかに滅ぼそう。真実を汝に誓う。
6.4.3	スグリーヴァよ、この瞬間に出発を決する。勝利の時は来た。太陽は中天に達した。
6.4.4	今日はウッタラ・パルグニーの星宿であり、明日はハスタに連なる。全軍を率いて出発しよう、スグリーヴァよ。
6.4.5	吉祥なる前兆が私に現れている。ラーヴァナを倒し、ジャーナキーであるシーターを連れ戻そう。
6.4.6	この右目がひとりでに震えている。勝利が近づき、心の願いが叶うことを告げているようだ。
6.4.7	ニーラよ、俊足の十万の猿を率いて軍の先陣を行き、道を偵察せよ。
6.4.8	将軍ニーラよ、果物と根菜が豊かで、冷たい森の水があり、蜜に恵まれた道を通って、速やかに軍を導け。
6.4.9	邪悪な羅刹たちが途中の根菜、果物、水を害するやもしれぬ。常に警戒を怠るな。
6.4.10	窪地、森の要害、森林においても、森の住人たちは跳びかかって偵察し、敵の潜む軍勢を発見せよ。
6.4.11	大力の猿の獅子たちよ、海の奔流のごとき恐ろしき先鋒を、幾百幾千と率いて前進せよ。
6.4.12	山のごとき象のガジャ、大力のガヴァヤ、ガヴァークシャが先頭を行け。誇り高き牡牛のごとく。
6.4.13	猿の軍の右翼を守って進め、跳躍する者たちの主なる猿リシャバ、猿の雄よ。
6.4.14	象のごとく倒しがたく、力強きガンダマーダナが、猿の軍の左翼に陣取って進め。
6.4.15	私は軍の中央に陣取り、軍勢を鼓舞しよう。イーシュヴァラがアイラーヴァタに乗るように、ハヌマーンの背に乗って。
6.4.16	ラクシュマナはアンガダに乗って進め。死神に等しきラクシュマナが、万物の主がサールヴァバウマに乗るように、財宝の主クベーラのように。
6.4.17	ジャーンバヴァーン、スシェーナ、猿のヴェーガダルシーの三者、大いなる力を持つ熊の王よ、後方を守れ。」
6.4.18	ラーガヴァの言葉を聞いて、軍の主スグリーヴァ、猿の雄は、偉大なる武勇の猿たちに命令を下した。
6.4.19	猿の群れは皆、戦意に燃えて洞窟や山頂から跳び上がり、素早く飛び立った。
6.4.20	そして猿の王とラクシュマナに敬われた法を知るラーマは、軍勢を率いて南の方角へと進んだ。
6.4.21	幾百、幾十万、幾億、幾万もの、象のごとき猿たちに囲まれてその時進んだ。
6.4.22	大いなる猿の軍勢がラーマに従って進んだ。
6.4.23	スグリーヴァに守られ、皆が喜びに満ち、跳び、飛び、咆哮する猿たちは、叫び、吠えながら南の方角に向かった。
6.4.24	芳しい蜜酒や果物をむさぼりながら、大樹を担ぎ、花房の束を持つ者たちであった。
6.4.25	互いに突然見つけては担ぎ上げ、投げ飛ばした。落ちる者もおれば跳び上がる者もおり、他の者を落とす者もいた。
6.4.26	「ラーヴァナを討つべし！すべての夜行の者どもを！」と猿たちはラーガヴァの傍で吠えた。
6.4.27	先頭では勇者リシャバとニーラとクムダが、多くの猿たちとともに道を切り開いていた。
6.4.28	中央には王スグリーヴァとラーマとラクシュマナがおり、多くの力ある恐ろしき敵を滅ぼす者たちに囲まれていた。
6.4.29	勇者にして百の力を持つ猿シャタバリが、十億の猿を率い、ただ一人で全猿軍を支え守った。
6.4.30	百億の護衛を率いるケーサリン、パナサ、ガジャ、そして大力のアルカが、その片翼を守った。
6.4.31	スシェーナとジャーンバヴァーンが多くの熊に囲まれ、スグリーヴァを前面に置いて後方を守った。
6.4.32	勇猛にして猿の雄たる将軍ニーラは、飛翔する者の中の最上として、全軍を見守った。
6.4.33	ダリームカ、プラジャンガ、ジャンバ、そして猿のラバサが、あらゆる方面から勇者として跳躍する者たちを急がせた。
6.4.34	こうして力に誇る猿の虎たちは進みながら、蔓と樹木に覆われた名山サヒヤを目にした。
6.4.35	海の奔流に似た恐ろしき大猿軍は、大きな咆哮とともに繰り出した。恐ろしい勢いの大海のように。
6.4.36	ダシャラタの子の傍には、勇猛なる猿の雄たちが、良馬のごとく駆り立てられて素早く跳んでいた。
6.4.37	二人の猿に担がれた二人の人の中の雄は輝いていた。大きな鰐に触れられた月と太陽のように。
6.4.38	アンガダに乗ったラクシュマナは、吉祥なる声でラーマにこう語った。記憶力に優れ、機知に富む彼は、満たされた意味を持つ言葉で。
6.4.39	「ヴァイデーヒーを取り戻し、速やかにラーヴァナを討ち取り、目的を果たしたあなたは、繁栄するアヨーディヤーへと帰還するでしょう。
6.4.40	ラーガヴァよ、天にも地にも偉大なる吉兆が見えます。すべてが目的の成就のために。
6.4.41	心地よい風が軍に向かって柔らかく快く吹いている。獣や鳥も満ちた美しい声で鳴いている。
6.4.42	すべての方角は澄み渡り、太陽は曇りなく輝く。バールガヴァたるウシャナス（金星）も澄んだ光であなたに従っている。
6.4.43	ブラフマー星群は清らかで、大聖仙たちの星も清く輝いている。光を放ち、すべてが右回りに確実に輝いている。
6.4.44	トリシャンクは曇りなく輝いている。祭司を伴うあの王仙は、偉大なるイクシュヴァーク族の我らの祖先、祖父ブラフマーの恩恵を受けた方である。
6.4.45	偉大なるイクシュヴァーク族の我らの至高の星宿ヴィシャーカーも、曇りなく障害なく輝いている。
6.4.46	しかし夜叉族の星宿であるムーラは苦しめられている。根を持つ彗星に触れられ、煙を上げている。
6.4.47	これは羅刹たちの滅亡が近いことを示す前兆だ。時に捕えられた者たちの星宿が惑星に苦しめられている。
6.4.48	水は澄み清らかで、森は実り豊かで、風はひときわ芳しく吹き、樹木は季節の花を咲かせている。
6.4.49	主よ、整列した猿の軍勢はひときわ輝いている。ターラカーマヤの戦いにおける神々の軍勢のように。
6.4.50	尊き方よ、これらの前兆をよく見て喜んでください。」このように弟を励まし、喜ぶスミトラーの子は語った。
6.4.51	やがて全地を覆いながら、爪と牙を武器とする熊と猿の虎たちに囲まれた大軍が進んだ。
6.4.52	猿たちの手と足の先で巻き上げられた土埃は、太陽の光を遮って世界を覆い隠した。
6.4.53	大いなる猿の軍勢は昼も夜も進んだ。喜びに満ち歓喜する軍勢は、スグリーヴァに守られていた。
6.4.54	猿たちは皆、戦を喜ぶ者として急いで進んだ。シーターを解放しようとする者たちは、一瞬たりとも座ることなかった。
6.4.55	やがて樹木が密生し、さまざまな獣が群がるサヒヤ山とマラヤの大山に到達した。
6.4.56	サヒヤ山とマラヤ山のさまざまな美しい森と、川や泉を眺めながらラーマは進んだ。
6.4.57	チャンパカ、ティラカ、マンゴー、アショーカ、シンドゥヴァーラカ、キョウチクトウ、ティミシャの樹々を猿たちは折り倒した。
6.4.58	力に満ちた猿たちは、甘露の香りの果実や根菜や花を、木々から採ってむさぼった。
6.4.59	壺ほどの量の蜜酒がぶら下がっているのを、褐色の猿たちは喜んで飲みながら進んだ。
6.4.60	樹木を折り倒し、蔓を引きちぎり、山の王たちを蹴散らしながら、猿の雄たちは進んだ。
6.4.61	蜜酒に酔って誇り高く吠える猿たちは、木から木へと移り、また落ちる者もいた。
6.4.62	大地はこの猿の雄たちで満たされた。熟した蓮の畑で覆われた大地のように。
6.4.63	そしてマヘーンドラ山に到着した蓮の目のラーマは、大いなる腕をもって樹木で飾られた山頂に登った。
6.4.64	ダシャラタの子ラーマは山頂に登り、亀と魚に満ちた水の溜まりを見た。
6.4.65	サヒヤ山とマラヤの大山を越え、順を追って恐ろしい咆哮の大海に到達した。
6.4.66	喜ばせる者の中の最上なるラーマは、スグリーヴァとラクシュマナとともに降り立ち、すぐさま岸辺の最上の森に赴いた。
6.4.67	そして突然押し寄せる波で洗われた岩の平らな広大な浜辺に着いて、ラーマはこう語った。
6.4.68	「スグリーヴァよ、我らはヴァルナの住処に到着した。ここに至って今、以前には生じなかった懸念が生じる。
6.4.69	この河の主たる大海は、彼方の岸がはるかに遠い。手段なしにはこの大海を渡ることはできぬ。
6.4.70	ここに陣を敷こう。ここで議を進め、この猿軍がいかにして彼岸に到達するか考えよう。」
6.4.71	シーターの奪取にやつれた大いなる腕のラーマは、このように語って海に至り、そこでの宿営を命じた。
6.4.72	「海を渡るための議の時が来た。各自の軍を配置し、誰もどこにも行くな。勇猛な猿たちを偵察に行かせ、潜む脅威を探らせよ。」
6.4.73	ラーマの言葉を聞いて、スグリーヴァはラクシュマナとともに、樹木の茂る海岸に軍を配置した。
6.4.74	海に近接したその軍勢は輝いていた。蜜のように淡い水の色をした、もう一つの海のように。
6.4.75	岸辺の森に着いた猿の雄たちは、大海の彼岸を待ち望んで陣を敷いた。
6.4.76	喜んだ猿の軍勢は大海に到達し、風の力に揺り動かされる大海を眺めていた。
6.4.77	はるかに遠い彼岸を持ち、広々として障害なく、羅刹の群れが棲むヴァルナの住処を見つめながら、猿の群れの長たちは座った。
6.4.78	恐ろしい鰐が暴れ、日没から夜を経て月の出に揺り動かされ、月影が乱れる海を。
6.4.79	激しい風による大鰐と、ティミティミンギラ（巨大魚）がひしめき、輝く蛇体の龍蛇が満ちるヴァルナの住処を。
6.4.80	大いなる生き物が潜み、さまざまな山が点在する、近づきがたく道なき、底知れぬ阿修羅の住処を。
6.4.81	鰐と龍蛇の身体に攪拌され、風と赤い潮が混じり、膨れ上がった水の塊が上がっては下がる海を。
6.4.82	火の粉を撒き散らすかのごとく、太陽と水と蛇の宝石が光り、阿修羅の領域にして恐ろしく、常に地底のごとく険しい海を。
6.4.83	海は空に似、空は海に似て、海と空の区別がつかぬように見えた。
6.4.84	水は空に融け合い、空も水に融け合い、星と宝石に満ちた両者は同じ姿に見えた。
6.4.85	雲が湧き立ち波の列が乱れ、海と空の区別はなかった。
6.4.86	互いにぶつかり合い、絡み合って恐ろしい轟音を立てる、海の王の波は、戦場の大太鼓のようであった。
6.4.87	宝石と水の轟音、風に捕えられたかのような、怒って跳び上がるかのような、海獣の群れがひしめく海。
6.4.88	偉大なる魂の持ち主たちは、風に打たれた水面が空中で波によって跳ね上がるかのような、うねる波と水の轟音で揺れ動く海を見た。
6.5.1	ニーラによって適切に、精神を集中して、海の北岸に軍は見事に配置された。
6.5.2	マインダとドヴィヴィダの二人の猿の雄が、あらゆる方角からその軍を巡回して守った。
6.5.3	軍が河の王の岸辺に配置された後、傍らに立つラクシュマナを見て、ラーマはこう語った。
6.5.4	「嘆きは時の経過とともに消えるという。しかし愛しい人を見られぬ私の嘆きは、日ごとに増すばかりだ。
6.5.5	愛しい人が遠くにいることが苦しいのではない。奪われたことが苦しいのでもない。私が嘆くのはただ一つ——彼女の若さが過ぎ去っていくということだ。
6.5.6	吹け、風よ、あの女のいる方角から。彼女に触れてから私にも触れてくれ。汝の中に彼女との肌の触れ合いがあり、月の中に視線の交わりがある。
6.5.7	それが私の体を焼く。飲み込んだ毒のように。奪われていく時に愛しい彼女が私に叫んだ——『ああ、わが主よ』と。
6.5.8	彼女との離別を薪にし、彼女への想いを大いなる炎として、昼も夜も私の体は愛欲の火に焼かれる。
6.5.9	スミトラーの子よ、汝なしで大海に沈んで眠ろう。何とかして燃え上がる愛欲が水の中で眠る私を焼くだろうか。
6.5.10	恋い焦がれる者にとって、これだけで生きていけるのは大きなことだ。私とあの美しい腿の女が同じ大地にいるということが。
6.5.11	水のある田が水なき田を潤すように、彼女が生きていると聞くことで、私はその潤いで生きている。
6.5.12	いつの日か、美しい腰の蓮の花びらのような目の彼女を、敵を打ち破って再び見ることができるのか。シーターを、満ちる繁栄のように。
6.5.13	いつの日か、美しい唇を持つ彼女の蓮のような顔を、わずかに持ち上げて飲むことができるのか。病人が妙薬を飲むように。
6.5.14	彼女の豊かに膨らんだターラ椰子の実のような二つの胸が、いつ笑いながら震えて私を受け入れるのか。
6.5.15	黒い目尻を持つあの女は、きっと羅刹たちの中にあって、私を主と頼みながらも主なきかのように、守り手を見つけられずにいるのだ。
6.5.16	いつの日か、羅刹たちを打ち散らし、秋に黒雲を払って姿を現す三日月のように、彼女は振り払って現れるのか。
6.5.17	生来細い体の彼女は、きっと嘆きと断食でさらに痩せ細り、場所と時の不幸によってなおいっそう細くなっているだろう。
6.5.18	いつの日か、羅刹の王の胸に矢を突き立て、シーターを取り戻し、心の嘆きを捨てることができるのか。
6.5.19	いつの日か、貞節なるシーター、天女にも似たあの女が、待ちわびて私の首にすがりつき、歓喜の涙を流すのか。
6.5.20	いつの日か、マイティリーとの別離から生じたこの恐ろしい嘆きを、汚れた衣のように突然脱ぎ捨てることができるのか。」
6.5.21	こうラーマが嘆いている間に、日の暮れとともに太陽は光を弱め、沈んでいった。
6.5.22	ラクシュマナに慰められたラーマは、夕暮れの礼拝を行った。蓮の花びらのような目のシーターを想い、嘆きに包まれながら。
6.6.1	一方ランカーでは、羅刹の王が、インドラのごとき偉大なるハヌマーンによって成された恐怖を呼ぶ恐ろしき業を見て、すべての羅刹たちに語った。恥ずかしさにやや顔を伏せながら。
6.6.2	「近づきがたいランカーの都があの猿一匹に蹂躙され、侵入され、ジャーナキーたるシーターも発見された。
6.6.3	祠堂は荒らされ、名だたる羅刹たちは殺され、ランカーの全都がハヌマーンによって混乱に陥れられた。
6.6.4	汝らの吉祥のために何をなすべきか。次に何が適切か。我らにとって有効であり、成功をもたらすことを述べよ。
6.6.5	勝利は議の根にあると、高貴にして気概ある者たちは言う。それゆえ大力の者たちよ、ラーマに対する議を私は求める。
6.6.6	世に三種の人がいる——最上・最低・中間の者である。彼らが集った時の功徳と欠陥を私は語ろう。
6.6.7	議の決定に有能で利をわきまえた大臣たち、あるいは同じ目的を持つ友人たち、あるいは有益なる親族たちと
6.6.8	ともに議り、事業の開始を実行し、天命にも努力する者——それを最上の人と呼ぶ。
6.6.9	一人で利を考え、一人で法に心を向け、一人で事業を行う者——それを中間の人と呼ぶ。
6.6.10	功徳と欠陥を見極めず、天命への頼りを捨て、『やってやる』と事業を放置する者——それは最低の人である。
6.6.11	このように人が常に最上・最低・中間であるように、議もまた最上・最低・中間と知るべきである。
6.6.12	大臣たちが学問の目で見て一致に達し、見事に議がまとまるもの——それを最上の議と呼ぶ。
6.6.13	大臣たちが利の決定において多くの意見を経た後、再び一致に至るもの——それを中間の議と呼ぶ。
6.6.14	互いに異なる意見に固執し議論するばかりで、一致にも善にも至らぬもの——それを最低の議と呼ぶ。
6.6.15	されば大臣の中の最上の者たちよ、よく議った上で善を見出し、事を決せよ。これこそ私の最重要の務めである。
6.6.16	勇猛なる猿の幾千もに囲まれたラーマが、我らを包囲せんとしてランカーの都に迫っている。
6.6.17	ラーガヴァは弟と軍勢を率いて、明らかに容易くこの海を渡るであろう。力とふさわしき手段をもって。
6.6.18	この事態にあたり、猿たちとの対立の中で、都と軍にとっての利益を、すべて私のために議せよ。」
6.7.1	羅刹の王にこう言われ、大力の羅刹たちは皆、合掌してラーヴァナに答えた。
6.7.2	「王よ、棍棒・槍・矛・鋤・刀で武装した大いなる我が軍勢があるのに、なぜ落胆されるのか。
6.7.3	カイラーサ山の頂に住み、多くのヤクシャに囲まれたクベーラを、大いなる殺戮の後に汝は従えたではないか。
6.7.4	シヴァ神との友誼を誇るその世界の守護者、大力の者を、主よ、汝は怒りをもって戦場で打ち破った。
6.7.5	ヤクシャの群れを打ち倒し、攪乱し、征服して、汝はカイラーサ山の頂からこの飛行宮殿を奪った。
6.7.6	汝を恐れて友誼を望んだダーナヴァの王マヤは、娘を汝の妻として差し出した、羅刹の雄よ。
6.7.7	マドゥという名のダーナヴァの王は、武勇におごり近づきがたかったが、征服されて従わされた。クンビーナシーに幸をもたらす者として。
6.7.8	大いなる腕の方よ、地底に赴いて龍族を征服された。ヴァースキ、タクシャカ、シャンカ、ジャティーが汝に服した。
6.7.9	不滅にして力あり、勇猛で恩恵を得た者たちであるダーナヴァたちと、主よ、汝は一年にわたって戦い、
6.7.10	自軍の力を頼りに征服した、敵を滅ぼす者よ。そこで多くの魔術もまた習得された、羅刹の主よ。
6.7.11	大いなる腕の方よ、ヴァルナの勇猛な息子たちもまた、四軍を率いて戦場で汝に打ち破られた。
6.7.12	王よ、死の罰という大鰐がひしめき、サールマリ島で飾られた、ヤマの軍勢という海に汝は深く潜った。
6.7.13	そして大いなる勝利を得、死をも退け、その見事な戦いぶりであらゆる世界の者を満足させた。
6.7.14	インドラに等しい武勇を持つ多くの勇猛な武士たちで、大地は大樹で満ちるように満たされていた。
6.7.15	彼らの武勇・徳・意欲においてラーガヴァは戦場で匹敵せぬ。極めて打ち倒しがたい彼らを、王よ、汝は力ずくで倒したのだ。
6.7.16	王よ、この災難は取るに足らぬ凡人から来たものだ。心に留める必要はない。汝がラーガヴァを討つであろう。」
6.8.1	すると黒雲のごとき羅刹プラハスタが合掌して言葉を述べた。勇猛なるその将軍は。
6.8.2	「神、ダーナヴァ、ガンダルヴァ、ピシャーチャ、鳥族、龍蛇でさえ汝を征することはできぬ。まして猿などなおさらだ。
6.8.3	我らは皆、油断し信頼しきって、ハヌマーンに欺かれたのだ。しかし私が生きている限り、あの森を歩く者が生きて帰れることはない。
6.8.4	海に囲まれた全大地を、山と森と林もろとも、猿のいない土地にしてみせよう。ご命令ください。
6.8.5	猿からの防衛も整えよう、夜行者よ。汝自身の過ちから生じる苦悩は決して訪れまい。」
6.8.6	すると激怒するドゥルムカという名の羅刹がこう言った。「我ら全員に対するこの侮辱は許しがたい。
6.8.7	この恥辱は甚だしい——都と後宮を持つ栄えある羅刹の王が、猿の王に蹂躙されたとは。
6.8.8	この瞬間、一人で猿どもを殺して戻ってこよう。恐ろしい海に入ろうと、空に入ろうと、地底に入ろうとも。」
6.8.9	すると大力のヴァジュラダンシュトラが激怒して語った。恐ろしい肉と血に塗れた棍棒を掴んで。
6.8.10	「惨めなハヌマーンなど何の用がある。倒しがたいラーマがいるのだ。スグリーヴァとラクシュマナもろとも。
6.8.11	今日、私一人でラーマをスグリーヴァとラクシュマナもろとも棍棒で殺し、猿の軍勢を攪乱して戻ってこよう。」
6.8.12	するとクンバカルナの勇猛なる息子ニクンバが、激怒してラーヴァナ、世界を震わす者にこう言った。
6.8.13	「大王のもとに集う皆はお座りください。私一人でラーガヴァをラクシュマナもろとも殺してみせよう。」
6.8.14	すると山のような羅刹ヴァジュラハヌが、怒りに舌で唇を舐めながら語った。
6.8.15	「皆は心配なく好きなことをせよ。私一人で猿の群れの長たち全員を食らおう。
6.8.16	安心して遊び、憂いなく蜜酒を飲むがよい。私一人でスグリーヴァもラクシュマナも、アンガダもハヌマーンも、戦場の象たるラーマも殺してみせよう。」
6.9.1	そのときニクンバ、ラバサ、スーリヤシャトル、大力のマハーバラ、スプタグナ、ヤジュニャコーパ、マハーパールシュヴァ、マホーダラが立ち上がった。
6.9.2	アグニケートゥ、攻め難きドゥルダルシャ、羅刹ラシュミケートゥ、そして大威光にして強力なるラーヴァナの息子インドラジットも。
6.9.3	プラハスタ、ヴィルーパークシャ、大力のヴァジュラダンシュトラ、ドゥームラークシャ、アティカーヤ、そして羅刹ドゥルムカも。
6.9.4	鉄棒・刀剣・槍・矛・三叉戟・斧、矢を備えた弓、幅広く鋭い剣を手に取った。
6.9.5	極めて怒れる羅刹たちは飛び上がり、炎のごとく輝きつつラーヴァナに言った。
6.9.6	「今日こそラーマを、ラクシュマナとともにスグリーヴァを、そしてラン力ーを侵したあの哀れなハヌマーンを討ち滅ぼさん。」
6.9.7	武器を手にした彼ら全員をヴィビーシャナは制し、合掌して再び座に着かせ、こう語った。
6.9.8	「父よ、三つの方策をもってしても得られぬ目的のためにこそ、武力を用いる時がある、と賢者たちは説く。
6.9.9	油断せる者、窮地に陥った者、天命に打たれた者に対してこそ、武力は成功する——正しき手順で熟慮されたものならば。
6.9.10	油断なく、征服を望み、大軍に拠り、怒りを制し、攻め難きかの者を、いかにして攻撃せんとするのか。
6.9.11	恐るべき河川の王たる大洋を飛び越え、ハヌマーンが成し遂げた偉業——誰がそれを想像し得たか。
6.9.12	夜の者たちよ、敵の計り知れぬ兵力と武勇を、決して軽んじてはならぬ。
6.9.13	そもそも、かつてラーヴァナ王はラーマに何の害をなされたのか？ジャナスターナから名高きラーマの妻を奪い去ったのは王ではないか。
6.9.14	もしカラが戦場で驕慢によりラーマに討たれたとすれば、命ある者が力の限り命を守るのは当然のことだ。
6.9.15	まさにそのためにヴァイデーヒーは我らに大いなる恐怖をもたらす。奪われた彼女は返されるべきだ——争いの種を蒔いた以上は。
6.9.16	武勇あり法に従うかの者と、無益なる敵意を交わすは我らの利にあらず。マイティリーを返すべし。
6.9.17	象と馬を備え多くの宝に満ちたこの都城を、彼の矢が砕かぬうちに、マイティリーを返すべし。
6.9.18	猿の大軍の恐るべき攻め難き軍勢が我らのラン力ーに攻め寄せぬうちに、スィーターを返すべきだ。
6.9.19	ラーマの愛しき妻が自ら返されねば、ラン力ーの都は滅び、勇士たる羅刹たちも皆滅ぶであろう。
6.9.20	同胞の絆にかけて我は汝に懇願す。我が言葉に従われよ。有益にして正しきことを我は述べる——マイティリーをラーマに返すべし。
6.9.21	ダーシャラティの放つ矢——秋の日の光に輝き、新しき羽を備え堅固にして外れることなきそれらが汝を滅ぼさぬうちに、マイティリーをダーシャラティに返すべし。
6.9.22	安楽と法を損なう怒りを捨て、喜びと名声を増す法に従われよ。汝が穏やかなれば、子と親族とともに我らは生きながらえよう。マイティリーをダーシャラティに返すべし。」
6.10.1	善意を込めて正当なる言葉を述べたヴィビーシャナに対し、死に追われしラーヴァナは荒き言葉で答えた。
6.10.2	「怒れる毒蛇とともに住むことはできよう。だが友と称して敵に仕える者とは暮らせぬ。
6.10.3	羅刹よ、すべての世界において同族の性質を我は知る。同族とは互いの不幸を常に喜ぶものだ。
6.10.4	羅刹よ、同族は秀でた者を、有能な者を、医者を、法に篤い者を蔑み、勇者を侮る。
6.10.5	互いの苦難に常に歓喜し、隙あらば害を加え、心を隠した恐るべき同族——まことに恐ろしきものだ。
6.10.6	蓮の森のどこかで象たちが歌う詩を聞け——罠を手にした人間を見て語った言葉を。
6.10.7	『火も他の武器も、罠さえも我らには恐ろしくない。だが私利のために動く同族こそが我らの恐怖なのだ。』
6.10.8	捕らえるための手段を彼らは必ず語る、疑いない。あらゆる恐怖の中で、同族の恐怖こそ最も困難と我らは知る。
6.10.9	牛には豊かさがあり、婆羅門には自制があり、女には軽薄さがある。そして同族には恐るべきものがある。
6.10.10	それゆえ、穏やかなる者よ、これは喜ばしからぬ——我が世に崇められ、栄華に生まれ、敵どもの頂に立っていることが。
6.10.11	夜の者よ、他の者がこのような言葉を吐いたなら、この瞬間にも存在を許さなかったであろう。家名を汚す者に恥あれ。」
6.10.12	このように厳しき言葉を浴びせられ、正論を述べたヴィビーシャナは、棍棒を手に四人の羅刹とともに空へ飛び上がった。
6.10.13	空中に浮かびながら、怒りに燃えるヴィビーシャナは、羅刹の主たる兄に向かってこう告げた。
6.10.14	「王よ、汝は我が兄なれば、望むことを何なりと言うがよい。だが偽りをまじえたこの厳しき言葉は、我は容認せぬ。
6.10.15	十の顔を持つ者よ、善意より述べた正しき助言を、運命の支配に陥った心の整わざる者は受け入れぬ。
6.10.16	王よ、常に甘き言葉を語る人間は容易に見つかる。だが不快でも有益な言葉を語る者も、聞く者も、得難い。
6.10.17	万物を運び去る時の縄に縛られた者を、燃える家のように、我は見捨てて滅びるに任せるわけにはいかぬ。
6.10.18	ラーマの放つ金の装飾をまとい燃える炎のごとく鋭き矢に射抜かれた汝を、我は見たくはない。
6.10.19	勇士にして力あり、武技に長けた者たちも、時に追いつかれれば、砂の堤防のごとく崩れ去る。
6.10.20	いかなる手立てをもっても己を守れ。この羅刹の都をも守れ。汝に幸あれ。我は去る。我なくして安楽であれ。
6.10.21	善意をもって止めんとする我の言葉を、夜の者よ、汝は聞き入れぬ。寿命尽きかけたる者は、友の忠告を受け入れぬものだ。」
6.11.1	ラーヴァナに厳しき言葉を告げた後、ラーヴァナの弟は瞬く間にラーマとラクシュマナのいる場所に至った。
6.11.2	メール山の峰のごとき、煌めく稲妻のごとき彼が空中にあるのを、地上の猿の指揮官たちは見た。
6.11.3	五人連れの彼を見て、猿の主にして聡明なスグリーヴァは考えを巡らせた。
6.11.4	暫し思案した後、ハヌマーンを筆頭とする猿たちに向かってこの優れた言葉を述べた。
6.11.5	「見よ、あの羅刹が四人の羅刹とともに、あらゆる武器を携え、我らを討たんとして近づいてくる。疑いなし。」
6.11.6	スグリーヴァの言葉を聞き、すべての猿の勇者たちはサーラ樹と岩を持ち上げ、こう語った。
6.11.7	「王よ、速やかにこの悪しき者どもを討つ許しを。打ち倒されてこの大地に落ち、命短きものとなろう。」
6.11.8	彼らが互いに語り合う中、ヴィビーシャナは北岸に到り、空中に留まった。
6.11.9	大いなる知恵を持つヴィビーシャナは、空中に留まったまま、スグリーヴァと猿たちを見下ろし、大声でこう告げた。
6.11.10	「ラーヴァナという名の悪行の羅刹王がいる。我はその弟にして、ヴィビーシャナと呼ばれる。
6.11.11	彼はジャナスターナからスィーターを奪い、ジャターユを殺した。無力な彼女は、羅刹女たちに厳重に監視されている。
6.11.12	我は彼にさまざまな理由と言葉をもって、スィーターをラーマに返すべしと繰り返し諭した。
6.11.13	だが、死に駆られたラーヴァナは、薬を嫌う者のごとく有益な言葉を受け入れなかった。
6.11.14	我は彼に罵られ、奴隷のごとく侮辱された。子と妻を捨て、ラーガヴァに帰依した。
6.11.15	万物の庇護者たる大いなるラーガヴァに、速やかに我ヴィビーシャナの参上を伝えてほしい。」
6.11.16	その言葉を聞き、俊足のスグリーヴァはラクシュマナを前にして、動揺しつつラーマにこう語った。
6.11.17	「ラーヴァナの弟ヴィビーシャナと名乗る者が四人の羅刹とともに御身に帰依を求めております。
6.11.18	このヴィビーシャナはラーヴァナが送り込んだ間者と心得られよ。忍耐深き者の中で最も忍耐深き方よ、拘束するのが適当かと存じます。
6.11.19	ラーガヴァよ、この羅刹は策略の命を受けてここに来た。御身が信を置かれた時、幻術をもって攻撃するであろう。
6.11.20	残忍なラーヴァナの弟たるヴィビーシャナをば、配下もろとも厳しき罰をもって処すべし。」
6.11.21	こう語り終えた軍主は、言葉に巧みなラーマに向かい、沈黙した。
6.11.22	スグリーヴァの言葉を聞き、大力のラーマはハヌマーンをはじめとする猿たちに語った。
6.11.23	「猿の王がラーヴァナの弟について述べた、理を備えた言葉を汝らも聞いたであろう。
6.11.24	永続する繁栄を望む友であり、聡明にして善良、かつ有能な者は、困難なる時にこそ助言すべきである。
6.11.25	意見を求められた彼らは、それぞれ怠ることなく自らの考えを、敬意をこめてラーマに述べた。
6.11.26	「ラーガヴァよ、三界において汝の知らぬことはない。友への慈しみゆえに我らに問うのだ。
6.11.27	汝は真実の誓願を持つ勇者にして、法に篤く、確固たる武勇を備える。熟慮の上に行動し、記憶力に優れ、友には身を捧げる方だ。
6.11.28	されば、汝の参謀たちが一人ずつ、根拠を挙げつつ繰り返し意見を述べるがよい。」
6.11.29	ラーガヴァにこう促され、聡明なるアンガダが先ず進み出て、ヴィビーシャナの真意を見極めるべく語った。
6.11.30	「敵の陣営から来た者は、あらゆる点で疑うべきだ。ヴィビーシャナを軽々しく信頼すべきではない。
6.11.31	狡猾なる心の者どもは本心を隠して行動し、隙を見て攻撃する。それは大いなる災いとなろう。
6.11.32	利と害を見極めた上で決断すべし。美点によって受け入れ、欠点によって退けよ。
6.11.33	もし大きな欠点があるなら、迷うことなく退けよ。多くの美点を知り得たならば、王よ、受け入れよ。」
6.11.34	シャラバは慎重に見極めた上で、理に適った言葉を述べた。「人中の虎よ、速やかにこの者に対して間者を差し向けるべきだ。
6.11.35	細密なる知恵を備えた間者を送り、よく観察した上で、正しき手順に従い、受け入れを判断すべきだ。」
6.11.36	ジャーンバヴァーンは経典の知恵をもって明察に語った——美点に富み、欠点なき言葉を。
6.11.37	「敵意深き邪悪なる羅刹王のもとからヴィビーシャナは来た。不適切な時と場所に現れた者——あらゆる点で疑うべし。」
6.11.38	政策と失策に通じたマインダは、言葉巧みに、より一層理に適ったことを述べた。
6.11.39	「このヴィビーシャナはかのラーヴァナの片腕たる者。人の王の中の王よ、穏やかに問い質すべし。
6.11.40	この者の真意を見極めた上で、真実に基づいて行動されよ——悪意ある者かそうでないか、知恵をもって判断されるがよい。」
6.11.41	ここに、教養に満ちた最上の参謀ハヌマーンが、滑らかにして意味深く、甘美にして簡潔な言葉を述べた。
6.11.42	「知恵に最も優れ、弁論に巧みな御身を凌ぐことは、ブリハスパティが弁じても叶うまい。
6.11.43	王よ、論争のためでも、対抗のためでも、卓越を示すためでも、欲からでもなく、ただラーマへの敬意から真実を述べる。
6.11.44	利害の判断について汝の参謀たちが述べたことには欠点が見える。実行が伴わないからだ。
6.11.45	任務なくして能力を見極めることはできぬ。突然の任務は、我には欠点あるものと思われる。
6.11.46	間者を差し向けよと汝の参謀が述べたのは理に適っているが、目的の達成可能性がなく、その手段も成り立たぬ。
6.11.47	ヴィビーシャナが不適切な時と場所に来たとの意見について、我には述べたきことがある。我が考えの通りに聞かれよ。
6.11.48	時と場所の適不適は、人から人へ、またそこに見出される美点と欠点によって異なる。
6.11.49	ラーヴァナの悪行を見て、御身の武勇を見て——彼がここに来たのは当然のこと、彼の知恵にふさわしい。
6.11.50	王よ、素性を隠した者を送って探れとの意見について、我に幾ばくかの考えがある。
6.11.51	突然の詰問を受ければ聡明な者は疑念を抱く。善意をもって来た友が、偽りの尋問によって敵に変わりかねぬ。
6.11.52	王よ、突然に他者の本心を見抜くことは不可能だ。内なる性質の歌われた兆候を注意深く観察する者であっても。
6.11.53	だがこの者が語るとき、悪意の兆候はまったく見られぬ。顔は澄み穏やかだ。ゆえに我に疑念はない。
6.11.54	恐れなく心安らかな者は狡猾に振る舞わず、この者の言葉にも歪みはない。ゆえにここに疑いの余地はない。
6.11.55	隠そうとしても表情は隠し切れぬもの。人の内に秘めた思いは、否応なくにじみ出る。
6.11.56	時と場所にかなった行いは、最善の手段を知る者の中の最善の方よ、適切な方策によって速やかに実を結ぶ。
6.11.57	御身の軍備を見、ラーヴァナの不義を見、ヴァーリンの討伐を聞き、スグリーヴァの即位を知り——
6.11.58	王位を望みつつ深く考えた上でここに参った。以上を踏まえれば、この者を受け入れるのが妥当だ。
6.11.59	以上、この羅刹の誠実さについて我が力の及ぶ限り述べた。残りの判断は知恵深き者の最善なる御身に委ねる。」
6.12.1	ヴァーユの子の言葉を聞き、穏やかなる心のラーマは、攻め難き者として、己が胸に秘めた確信を語った。
6.12.2	「ヴィビーシャナについて我にも述べたき考えがある。繁栄を願う汝ら皆に聞いてほしい。
6.12.3	友として来た者を、我は決して見捨てぬ。たとえその者に過ちがあろうとも、善き人々はそれを咎めぬ。」
6.12.4	ラーマの言葉を聞き、猿の王スグリーヴァは、親愛の情に動かされてカークツタに答えた。
6.12.5	「法を知る者よ、世の守護者の冠の宝石よ、力ある者にして誓いに立つ汝が、かくも高潔に語られること、何の不思議があろうか。
6.12.6	我が内なる心もまた、ヴィビーシャナの清浄を知る。推論と態度からあらゆる面で充分に見極められた。
6.12.7	されば速やかに、ラーガヴァよ、大いなる知恵のヴィビーシャナを我らの仲間とされよ。我らと友誼を結ばしめよ。」
6.12.8	スグリーヴァのその言葉を聞き、ラーマは熟慮の上、猿の雄にさらに麗しき言葉を述べた。
6.12.9	「この夜の者が邪悪であれ清廉であれ、いかほどのことか。我に微かな害さえ為す力はない。
6.12.10	ピシャーチャ、ダーナヴァ、ヤクシャ、この地のすべての羅刹——我が望めば、指先一つで彼らを滅ぼし得る。
6.12.11	聞くがよい——かつて鳩が、己の妻を捕らえた敵をすら、帰依して来たときに正しく迎え、自らの肉をもって饗応した。
6.12.12	その鳩は妻を奪った者を受け入れたのだ、猿の長よ。ましてや我のごとき者においてをや。
6.12.13	聖仙カンヴァの子にして最高の聖仙カンドゥが、かつて歌った法にかなう詩を聞くがよい——真実を語る者の言葉を。
6.12.14	『合掌し、哀れに帰依を求める者を——たとえ最大の敵であれ——慈悲のゆえに殺してはならぬ。
6.12.15	苦しみにあれ驕りにあれ、敵の庇護を求めて来た者は、自制ある者によって命を賭しても守られるべきだ。
6.12.16	もし恐れや迷い、あるいは欲のために、己の力の及ぶ限り守らぬならば、その罪は世に非難される。
6.12.17	帰依した者が庇護者の眼前で滅びるなら、守られなかった者はその者の善業をすべて奪い去る。
6.12.18	かくのごとく、帰依者を守らぬことには大いなる過失がある。天界への道を閉ざし、名声を損ない、力と武勇を滅ぼす。』
6.12.19	カンドゥのこの至高の教え——法にかない名声をもたらし、実を結べば天界に至る言葉を、我はその通りに行う。
6.12.20	一度でも帰依し、『我は汝のものなり』と願う者に、すべての衆生から安全を与える——これが我が誓いだ。
6.12.21	猿の長よ、彼を連れて来よ。我は彼に安全を与えた。ヴィビーシャナであれ、スグリーヴァよ、たとえラーヴァナ自身であっても。」
6.12.22	猿の王が述べた言葉を聞き、人の王ラーマはヴィビーシャナとの会見に直ちに赴いた——プランダラが鳥の王と会うがごとく。
6.13.1	ラーガヴァの安全の保証を得て、ラーヴァナの弟は帰依の者らとともに、歓喜して空から地上に降り立った。
6.13.2	法に篤きヴィビーシャナは、帰依を求めつつ、四人の羅刹とともにラーマの足元にひれ伏した。
6.13.3	その場でヴィビーシャナはラーマに語った——法にかない、理にかない、時にかない、心を奮い立たせる言葉を。
6.13.4	「我はラーヴァナの弟にして、彼に侮辱されたる者。万物の庇護者なる御身の許に帰依した。
6.13.5	我はランカーを、友人を、財産を捨てた。我が王国も、命も、幸福も、すべて御身に帰す。
6.13.6	羅刹たちの殺戮とランカーの攻略に、力の限り助力し、軍に加わって進む。」
6.13.7	このように述べるヴィビーシャナを抱擁し、ラーマは喜んでラクシュマナにこう命じた。「海から水を持って来よ。
6.13.8	その水をもってこの大いなる知恵のヴィビーシャナを、羅刹たちの王として即位させよ。我が満足している今、敬う者よ、速やかに。」
6.13.9	こう命じられたスミトラーの子は、ラーマの命により、猿の指揮官たちの只中で、ヴィビーシャナを王として灌頂した。
6.13.10	ラーマのこの恩恵を見て、猿たちは即座に大歓声を上げ、「善し、善し」と叫んだ。
6.13.11	ハヌマーンとスグリーヴァはヴィビーシャナに尋ねた。「測り知れぬヴァルナの住処たるこの大洋を、いかにして渡るべきか。
6.13.12	河川の王を渡る方策を講じよう。全軍をもって速やかにヴァルナの住処を越えるために。」
6.13.13	こう問われ、法を知るヴィビーシャナは答えた。「ラーガヴァ王は、大洋に帰依を求めるべきだ。
6.13.14	計り知れぬこの大海はサガラ王によって掘られたのだ。ラーマは同族の末裔——大洋はラーマの願いを叶えるべし。」
6.13.15	博識なる羅刹ヴィビーシャナがこう述べると、生来法を愛するラーガヴァの心にもかなった。
6.13.16	大いなる威光のラーマは、大いなる行いに巧みなる者として、微笑みを浮かべてラクシュマナと猿の王スグリーヴァにこう語った。
6.13.17	「ラクシュマナよ、ヴィビーシャナのこの策は我の心にかなう。汝もスグリーヴァとともに賛同するなら述べよ。
6.13.18	スグリーヴァは常に賢明、汝は策略に通じる。高潔なる方よ、両者相談の上、よしと思われることを述べよ。」
6.13.19	こう問われた勇士スグリーヴァとラクシュマナの二人は、礼を尽くしてこう答えた。
6.13.20	「人中の虎よ、ラーガヴァよ、この時にあって安らぎをもたらすヴィビーシャナの言葉に、我らが賛同せぬ理由があろうか。
6.13.21	この恐るべきヴァルナの住処たる大洋に橋を架けずしては、インドラ率いる神と阿修羅をもってしてもランカーに至れぬ。
6.13.22	勇者ヴィビーシャナの言葉を実行に移すべし。時を無駄にせず、この大洋に命ぜよ。」
6.13.23	こう言われたラーマは、河川の王の岸辺にクシャ草を敷き、その上に横たわった——祭壇の上の火のごとく。
6.14.1	クシャ草を敷いた大地に伏し、専心にして油断なきラーマのもとで三夜が過ぎた。
6.14.2	だが愚かなる大洋は、祈りを込めてラーマが正しく敬ったにもかかわらず、姿を現さなかった。
6.14.3	ラーマは大洋に対して怒り、目を赤く燃やして、傍らのラクシュマナにこう語った。
6.14.4	「ラクシュマナよ、敬われながらも姿を見せぬこの卑しき大洋の傲慢を見よ。
6.14.5	穏やかさ、忍耐、正直、柔和な言葉——善き者のこれらの美徳は、美徳なき者に対しては無力と化す。
6.14.6	自らを誇り、邪悪にして厚かましく、あちこちと走り回り、どこにでも罰を振るう者を、世は敬う。
6.14.7	ラクシュマナよ、この世において柔和さでは名声も得られず、栄光も得られず、戦場での勝利も得られぬ。
6.14.8	スミトラーの子よ、我が矢に射抜かれたワニどもが鰐の住処に浮かび、あらゆる方角で水を堰き止める様を今日見よ。
6.14.9	巨大な魚の胴体、象の鼻、蛇の胴——我が矢で引き裂かれたものを見よ、ラクシュマナよ。
6.14.10	法螺貝と真珠母貝の網もろとも、魚とワニごと、大いなる戦をもって今日この大洋を干上がらせてやろう。
6.14.11	この鰐の住処は、忍耐を備えた我を無力と見なしておる。このような者に対する忍耐など恥ずべきものだ。
6.14.12	弓を持って来よ、スミトラーの子よ。毒蛇のごとき矢をも。揺るぎなきこの大洋を、今日怒りをもって揺るがしてやろう。
6.14.13	潮の満ち引きによって定められた秩序を持ち、波で溢れるヴァルナの住処を、矢をもって無秩序にしてやろう。」
6.14.14	こう語り、弓を手に、怒りに目を見開いたラーマは、世の終わりの火のごとく攻め難き姿となった。
6.14.15	恐るべき弓を引き絞り、矢で世界を震わせ、インドラの雷のごとき猛烈なる矢を放った。
6.14.16	燃え立ち、凄まじき速さの最上の矢は、光輝をもって大洋の水へと突入した——蛇たちは恐れおののいた。
6.14.17	大洋の波は鰐とワニもろとも凄まじく激しく高まり、大いなる恐怖の轟音を響かせた。
6.14.18	大波で覆われ、法螺貝と真珠母貝で溢れ、煙を上げて渦巻く波をもって、大海は突如として荒れ狂った。
6.14.19	燃える口と燃える目を持つ蛇たちは苦悶し、パーターラの底に住む大いなる武勇のダーナヴァたちも動揺した。
6.14.20	海の王の波は鰐とワニもろとも、ヴィンディヤとマンダラの如き巨大さで幾千と湧き上がった。
6.14.21	波濤は渦巻き、蛇と羅刹は狼狽し、巨大なるワニが浮かび上がり、水の住処は大いに乱れた。
6.15.1	そのとき大洋の中央から大洋の神自らが立ち上がった——大山から昇る太陽のごとく、燃える口の蛇たちとともに。
6.15.2	潤いある碧玉のごとき色合い、黄金の装飾を纏い、赤き花環と衣を身にまとい、蓮の花弁のごとき目をした。
6.15.3	大洋は先ず挨拶を済ませ、合掌して矢を手にしたラーガヴァにこう語った。
6.15.4	「ラーガヴァよ、大地、風、虚空、水、光——これらは各々の本性に従い、永遠の道に留まるものだ。
6.15.5	それゆえ我の本性もまた、底知れず渡り難きことにある。変容は起こり得るが——それを汝に告げよう。
6.15.6	欲からも、貪りからも、恐れからも、王子よ、ワニと鰐で満ちたこの水を堰き止めることは我にはできぬ。
6.15.7	だがラーマよ、我は汝が渡り得る方策を講じよう。軍勢が渡る間、ワニが攻撃せぬよう我が耐えよう。
6.15.8	穏やかなる方よ、ここにナラという者がおる——ヴィシュヴァカルマンの子。父より授かった恩寵により、ヴィシュヴァカルマンに等しき者だ。
6.15.9	この猿に、大いなる熱意をもって我が上に橋を築かせよ。我がそれを支えよう——彼は父と同じ力を持つゆえに。」
6.15.10	大洋がこう語り消えた後、ナラが立ち上がり、猿の長として大力のラーマにこう言った。
6.15.11	「広大なるヴァルナの住処に我が橋を架けよう。父の力を頼みとする。大洋は真実を語った。
6.15.12	マンダラ山にてヴィシュヴァカルマンより我が母に恩寵が与えられた。我はその嫡子にして、ヴィシュヴァカルマンに等しき者だ。
6.15.13	問われずして自らの美点を語るは好まぬ。今すぐにでも猿の勇者たちよ、橋を築き始めよ。」
6.15.14	ラーマに命じられるや、あらゆる方角から猿の将たちが歓喜して幾十万と大森林に赴いた。
6.15.15	山のごとき猿たちは樹木を折り、大洋へと引きずり込んだ。
6.15.16	サーラ樹、アシュヴァカルナ、ダヴァ、竹、クタジャ、アルジュナ、棕櫚、ティカラ、ティミシャをもって、
6.15.17	ビルヴァ、サプタパルナ、花咲くカルニカーラ、マンゴー、アショーカの木々をもって大洋を埋め尽くした。
6.15.18	根こと引き抜いた木も、根のない木も、猿の勇者たちはインドラの旗のごとく掲げて運んだ。
6.15.19	投げ込まれる山々によって水は激しく跳ね上がり、空に舞い上がっては四方に散った。
6.15.20	十ヨージャナの幅にして百ヨージャナの長さの大橋を、ナラは河川の王の只中に築いた。
6.15.21	投げ込まれる岩と投下される山々の轟音は、大洋にて凄まじきものとなった。
6.15.22	ナラによって鰐の住処たる大洋に築かれたその橋は、空のスヴァーティー星の道のごとく美しく輝いた。
6.15.23	神々はガンダルヴァたちとともに、シッダたちと最高の聖仙たちもまた——
6.15.24	飛び跳ね、泳ぎ、吼える猿たちが築いた、想像を超え、耐え難く、驚嘆すべく、身の毛もよだつ大洋の橋を、すべての衆生が見た。
6.15.25	幾千万の大いなる力の猿たちが、大洋に橋を架けつつ、大海の彼方に渡った。
6.15.26	広大にして見事に築かれ、輝かしく、堅固なる地盤の、よく整えられたその大橋は、大洋の分け目のごとく輝いた。
6.15.27	大洋の対岸では、棍棒を手にしたヴィビーシャナが敵の攻撃に備えて配下とともに待ち構えた。
6.15.28	軍の先頭には弓を持つ法に篤きラーマがラクシュマナとともに、スグリーヴァに伴われて進んだ。
6.15.29	ある者は中央を進み、ある者は側面から、ある者は水に飛び込み、ある者は道を見つけられず、ある者はガルダ鳥のごとく空を飛んで渡った。
6.15.30	大洋の轟音をも圧する凄まじき喊声をもって、恐るべき猿の大軍は渡り終えた。
6.15.31	ナラの橋をもって渡り終えた猿の軍勢は、根と果物が豊かなる岸辺に、王のもとで陣を敷いた。
6.15.32	この驚嘆すべきラーガヴァの至難の偉業を見て、神々はシッダ・チャーラナとともにラーマのもとに来たり、聖仙たちとともに各々清浄なる水で灌頂した。
6.15.33	「敵に勝利し、海に囲まれた大地を永遠の歳月にわたり守られよ。」と、人の王たるラーマを崇めて、さまざまな吉祥の言葉で讃えた。
6.16.1	ダシャラタの子ラーマが大軍とともに大洋を渡り終えたとき、ラーヴァナ王は大臣のシュカとサーラナにこう語った。
6.16.2	「猿の全軍が渡り難き大洋を渡った。ラーマによる大洋への橋の架設——これは前代未聞の事だ。
6.16.3	大洋に橋が架かるなど、到底信じ難い。されどあの猿の軍勢をいずれ数えねばならぬ。
6.16.4	汝ら二人は猿の軍に気づかれずに潜入し、その規模と武力、および主たる猿の勇者たちを調べよ。
6.16.5	ラーマの参謀は誰か、スグリーヴァが信頼する者は誰か、先頭に立つ者は誰か、勇猛なる猿は誰か。
6.16.6	あの橋がいかにして大洋に架けられたか、大いなる猿たちの陣の配置はいかなるものか。
6.16.7	ラーマの決意、武勇、武器のこと、ラクシュマナのそれも正確に知り得るべきだ。
6.16.8	大力の猿たちの将軍は誰か。以上を正確に知り、速やかに帰還せよ。」
6.16.9	こう命ぜられた勇士の羅刹シュカとサーラナは、猿の姿に化けて猿の軍勢に潜入した。
6.16.10	だが身の毛もよだつ想像を絶する猿の軍勢を数えることは二人にはできなかった。
6.16.11	その軍勢は山の頂に、洞窟に、谷間に、海岸に、森に、園林に布陣していた。
6.16.12	渡りつつある者、渡り終えた者、まさに渡らんとする者——あらゆる方角で、恐るべき叫びを上げる大軍が陣を構え、さらに続々と到着していた。
6.16.13	大いなる威光のヴィビーシャナが潜んでいた二人を見つけ、シュカとサーラナを捕らえてラーマに引き渡した——ランカーから来た間者として。
6.16.14	ラーマを見て命の望みを失った二人は、怯えつつ合掌してこう言った。
6.16.15	「穏やかなる方よ、我ら二人はラーヴァナに遣わされ、ラグの末裔よ、汝の全軍を偵察するために参った。」
6.16.16	二人の言葉を聞き、ダシャラタの子ラーマは万物の利益を願い、微笑みつつこう語った。
6.16.17	「もし全軍を見終え、我らを充分に観察し、あるいは任務を果たしたのならば、好きなように去るがよい。
6.16.18	汝ら二人はランカーに戻り、クベーラの弟たる羅刹の王に我が言葉をそのまま伝えよ。
6.16.19	汝がスィーターを奪った時に頼んだその力を、存分に見せるがよい——軍勢と親族ともども。
6.16.20	明日、城壁と城門を備えたランカーの都が我が矢に砕かれ、羅刹の軍勢が滅ぶのを見るがよい。
6.16.21	恐るべき怒りを我は解き放つ。ラーヴァナよ、力をもって耐えよ。明日、ヴァーサヴァがダーナヴァに雷を放つがごとく。」
6.16.22	こう命ぜられた羅刹シュカとサーラナはランカーに帰り、羅刹の主にこう報告した。
6.16.23	「羅刹の王よ、ヴィビーシャナに捕らえられ、死に値する我らが、無量の威光を持つ法に篤きラーマに赦されました。
6.16.24	四人の人中の雄が一所に集っております——世界の守護者に比すべき勇者にして、武技に長け確固たる武勇を持つ。
6.16.25	ラーマ・ダーシャラティ、ラクシュマナ、ヴィビーシャナ、そしてマヘーンドラに等しき武勇の大いなる威光のスグリーヴァです。
6.16.26	この者たちは城壁と城門を備えたランカーの都を根こそぎにできる力がある。猿が全て留まろうとも。
6.16.27	あのラーマの姿と武器を見れば、彼一人でもランカーを滅ぼし得る。他の三人は控えていても。
6.16.28	ラーマとラクシュマナとスグリーヴァに守られたあの軍勢は、すべての神と阿修羅をもってしても攻め難い。
6.16.29	森に住む大いなる魂の猿たちの軍勢は意気揚々と戦を望んでおります。敵対は止められよ。和平を選ばれよ。マイティリーをダーシャラティに返すべし。」
6.17.1	サーラナが述べた正当にして臆するところなき言葉を聞き、ラーヴァナ王は答えた。
6.17.2	「たとえ神・ガンダルヴァ・ダーナヴァが我に挑もうとも、全世界を恐れようとも、スィーターを返すことは決してない。
6.17.3	穏やかなる者よ、汝は猿に怯え、すっかり打ちのめされて、今すぐスィーターを返すのが良いと思っているのだろう。対等の敵のうち、一体誰が戦場で我に勝てようか。」
6.17.4	この厳しき言葉を述べた後、ラーヴァナ王は雪のごとく白き、多くの棕櫚の高さに聳える宮殿に登った——偵察のために。
6.17.5	二人の間者を伴い、怒りに満ちたラーヴァナは、海と山々と森を見渡しながら、猿で埋め尽くされた大地を目にした。
6.17.6	猿たちの巨大にして数え切れぬ軍勢を眺め、ラーヴァナ王はサーラナに尋ねた。
6.17.7	「この猿の指揮官たちのうち、誰が勇猛で、誰が大力か。誰が先頭に立ち、大いなる意気をもって四方より攻め寄せるのか。
6.17.8	スグリーヴァは誰の言に耳を傾けるのか。将の中の将は誰か。サーラナよ、主たる猿たちをすべて教えよ。」
6.17.9	問いかける羅刹王に対して、主要な者に通じたサーラナは、森に住む者たちの指揮官たちを指し示した。
6.17.10	「ランカーに向かって吼えつつ立つあの猿を見よ。将の中の将千人に囲まれている。
6.17.11	その大いなる咆哮に、城壁と城門を備えたランカー全土が——山も森も林も——震える。
6.17.12	すべての猿の主スグリーヴァの軍の先頭に立つ勇者、それがニーラという将だ。
6.17.13	両腕を振り上げ、二本の脚で大地を闊歩し、ランカーに向かって怒りに何度も身を反らせている者——
6.17.14	山頂のごとき姿、蓮の蘂のごとき色をした者。怒り狂って尾を何度も地面に叩きつけている。
6.17.15	その尾の音で十方が鳴り響く者——スグリーヴァ王より皇太子に任ぜられたアンガダという名の者、戦場にて汝に挑戦する。
6.17.16	四肢を張り、威嚇の声を上げ、吼える猿の勇者たちを見よ。立ち上がり、怒りに身を反らせている。
6.17.17	この恐るべく、荒々しく、激しき武勇の者たちは、八十万と三十億を数え——
6.17.18	白檀を身に塗った勇者たちがこの者に従う。この者は己の軍勢のみでランカーを粉砕せんと豪語する。
6.17.19	白銀のごとき色合いのシュヴェータ、恐るべき武勇のサバラ——知恵ある猿にして勇者、三界に名を知られる。
6.17.20	スグリーヴァのもとへ素早く行き来し、猿の軍を分け、各部隊を鼓舞している者だ。
6.17.21	かつてゴーマティー河畔の麗しきサンコーチャナという名の、多くの山々に囲まれた山を領していた者——
6.17.22	そこでクムダという将が統治し、数十万の軍を率いている。
6.17.23	その長き尾にまとわりつく毛は赤に黄に白に灰色、恐るべき行いの者たちだ。
6.17.24	不屈にして怒り易く荒々しきこの者は、戦いを渇望する。己の軍勢のみでランカーを粉砕せんと豪語する。
6.17.25	獅子のごとき姿で黄褐色、長き鬣を持ち、じっとランカーを見つめ——その眼差しで焼き尽くさんばかりの者。
6.17.26	ヴィンディヤ、クリシュナギリ、サヒヤ、スダルシャナの山々に常に住まうランバという将だ、王よ。
6.17.27	百三十万の猿の将たちが彼を囲み従い、力をもってランカーを粉砕せんとする。
6.17.28	何度も耳を大きく広げ、繰り返し身を反らし、死を恐れず群れから離れぬ者——
6.17.29	大力にして恐れを知らず、麗しきサールヴェーヤの山に常に住まうシャラバという将だ。
6.17.30	この力ある者の配下にして「ヴィハーラ」の名で知られる将たちは四十万を数える。
6.17.31	雲が空を覆うがごとく大いなる姿で、猿の勇者たちの中央にインドラのごとく立つ者——
6.17.32	太鼓のごとき轟音が聞こえる——戦を渇望する恐るべき猿の長たちの声が。
6.17.33	無上のパーリヤートラ山に住まい、戦場にて常に攻め難きパナサという将だ。
6.17.34	五十万の将たちがこの将の中の長に従い、各々の部隊を率いている。
6.17.35	恐るべく跳ねる軍勢の中に立ち、それを飾る者、第二の海のごとく海岸に立つ者——
6.17.36	ダルダラのごとき姿のヴィナタという将だ。パルナーシャー河——河川の中で最高の河を飲みつつ歩む者。
6.17.37	六十万の猿を軍として持つクラタナという将が、汝を戦に挑む。
6.17.38	赤土のごとき色合いの体を持つ猿、ガヴァヤという名の威光ある者が、怒りをもって汝に向かう。
6.17.39	七十万が彼に従う。己の軍勢のみでランカーを粉砕せんと豪語する。
6.17.40	これらの恐るべく力強き自在に姿を変える将の中の将たちは、数え切れぬほどだ。」
6.18.1	「さて王よ、見ているうちに、ラーガヴァのために命を惜しまず戦う将たちを述べよう。
6.18.2	暗色にして光沢ある多くの若き毛が長き尾にまとわりつく——赤に黄に白に灰色、恐るべき行いの者たち。
6.18.3	それらが掲げられれば太陽の光線のごとく輝き、大地を引きずられるほどだ——ハラという名のこの将だ。
6.18.4	背後を幾百幾千と従い、樹木を掲げつつ、ランカー攻めに意欲を燃やす者たちが続く。
6.18.5	大力の猿千万の軍勢をもって、敵城を破る者よ、この者は戦場にて汝を打ち負かさんと望む。
6.18.6	暗き大雲のごとく立つ者たちを見よ——黒く人のごとき姿をし、戦場にて真の武勇を示す者たち。
6.18.7	爪と牙を武器とする勇者たち、激しき怒りを持つ恐るべき者たち——数え切れず、言い表せぬこと、大洋の彼方のごとし。
6.18.8	山にも険しき地にも河川にもいるこの恐るべき熊たちが、王よ、汝に向かって進む。
6.18.9	その中央に立つ王よ、恐ろしき目と恐ろしき姿の者が——パルジャニヤ神が雲に囲まれるがごとく四方に囲まれている。
6.18.10	リクシャヴァット山の最高の山に住み、ナルマダー河を飲むすべての熊の主、ドゥームラという将だ。
6.18.11	この者の弟を見よ——山のごとき姿。容貌は兄に等しいが、武勇においてはさらに優る。
6.18.12	ジャーンバヴァーンという名の大いなる将の中の将。穏やかにして師を敬うが、戦場にあっては怒りを抑えぬ。
6.18.13	このジャーンバヴァーンは、かの賢きインドラに大いなる助力をなし、神と阿修羅の戦いにおいて多くの恩寵を得た。
6.18.14	山の頂から大雲のごとき巨大な岩を投げ落とし、死を恐れぬ者たちだ。
6.18.15	この者の軍勢には羅刹にもピシャーチャにも似た毛深き者が多く、火の威光をもって歩き回る。
6.18.16	怒りに燃え、飛ぶがごとく立つ者、すべての猿がその将の中の将を仰ぎ見る。
6.18.17	この猿の王は千の目を持つインドラに匹敵する力をもって侍する。ランバという将だ。
6.18.18	一ヨージャナ先に立つ山を通りがけに巡り、体を真上に伸ばせば一ヨージャナに達する者だ。
6.18.19	四足獣の中でこれ以上の姿は存在せぬ。サンナーダナという名で知られる猿たちの祖父だ。
6.18.20	かつて賢きインドラと戦場で戦い、敗北を知らなかったこの将の中の将——その武勇はインドラのごとし。
6.18.21	この者はガンダルヴァの乙女から火の神によって生まれた——かつて神と阿修羅の戦いにおいて天の住人を助けるために。
6.18.22	ジャンブーという木にヴァイシュラヴァナ王が通う山——キンナラたちが多く住む山々の王たる山——
6.18.23	羅刹の王よ、御身の兄弟にとって常に遊楽の地たるその山に、美しく力ある猿の雄が住む。戦場で自慢せぬクラタナという将だ。
6.18.24	千万の猿の軍に囲まれてここに来た。己の軍勢のみでランカーを粉砕せんと豪語する。
6.18.25	ガンガー河に沿って歩き、象の群れを脅かす者——象と猿の古き恨みを忘れぬ者だ。
6.18.26	山の洞窟を住処とするこの将は、猿の軍の先導者、ヒマーラヤの河に沿って進む者。
6.18.27	マンダラにも似たウシーラビージャの山に拠り、天上のインドラのごとく楽しむ猿の長だ。
6.18.28	彼に十万が従う。王よ、制し難きプラマーティーという将だ。
6.18.29	風に巻き上げられた雲のごとき者、繰り返し旋回する——そこに大量の塵が舞い上がるのを見よ。
6.18.30	この黒き顔の恐るべき大力のゴーラーングーラたちは、橋を見て十万集まった。
6.18.31	大いなる速さのゴーラーングーラのガヴァークシャという将を囲み、力をもってランカーを粉砕せんと押し寄せる。
6.18.32	蜜蜂が飛び交い、あらゆる望みの果実をつける木々のある山——太陽に等しき色合いのその山を巡る者——
6.18.33	その光にいつも照らされ、獣も鳥もその色を帯びる。大いなる聖仙たちがその高台を去ることのない山——
6.18.34	王よ、その美しき黄金山にこの者は住む。猿の主要な者たちの中の最上、ケーサリーという将だ。
6.18.35	六万の山々が麗しき黄金山である。その中でこの山は最高——ちょうど汝が羅刹たちの中で最高であるように。
6.18.36	そこに住むのは黄褐色、白、赤い顔、蜂蜜色——鋭き牙と爪を武器とする者たち。
6.18.37	四本の牙を持つ獅子のごとく、虎のごとく近づき難く、すべてヴァイシュヴァーナラ（火神）に等しく、燃える毒蛇のごとし。
6.18.38	尾は長く巻き上がり、狂える象のごとき姿、大山のごとき体躯、大雲のごとき声。
6.18.39	その中央に武勇ある主が立つ——この地上にシャタバリの名で知られる者、王よ。己の軍勢のみでランカーを粉砕せんと豪語する。
6.18.40	ガジャ、ガヴァークシャ、ガヴァヤ、ナラ、猿のニーラ——これらの者は各々十億の群れに囲まれている。
6.18.41	同様にヴィンディヤ山に住む他の猿の長たちも、俊敏さゆえに多数にて数え難い。
6.18.42	王よ、すべてが大いなる威力を持ち、すべてが大山のごとき体躯を持ち、すべてが一瞬にしてこの大地を、山々もろとも粉砕する力がある。」
6.19.1	サーラナの言葉を聞いた後、羅刹の主ラーヴァナに向かい、全軍を見渡しつつシュカはこう語った。
6.19.2	「立っている者たちを見よ——狂える大象のごとく、ガンガー河畔のニヤグローダ樹のごとく、ヒマーラヤのサーラ樹のごとき者たちを。
6.19.3	王よ、これらの者は攻め難く、力強く、自在に姿を変え、ダイティヤやダーナヴァに匹敵し、戦場では神々の武勇に等しい。
6.19.4	この者たちは二十一万五千シャンカ（兆）と幾百のヴリンダ（億）を数える。
6.19.5	これらの猿はスグリーヴァの参謀にして、常にキシュキンダーに住み、神々とガンダルヴァから生まれた自在に姿を変える者たちだ。
6.19.6	神のごとき姿の二人の若武者が立つのを見よ——マインダとドゥヴィヴィダだ。戦場にて彼らに匹敵する者はいない。
6.19.7	ブラフマーの許しを得て二人とも甘露を飲んだ者たち。力をもってランカーを粉砕せんと豪語する。
6.19.8	この二人の両側に山のごとき二人が立つ——スムカとヴィムカ、死神の子にして父に等しき者たち。
6.19.9	発情した象のごとく立つ者を見よ——怒れば力ずくで大洋をも揺るがす猿だ。
6.19.10	主よ、この者がランカーとヴァイデーヒーのもとへ来る者だ。以前見たこの猿が再び来たのを見よ。
6.19.11	ケーサリンの長子にして風神の子と呼ばれ、ハヌマーンの名で知られる——大洋を跳び越えた者だ。
6.19.12	自在に姿を変える猿の長にして、力と体躯を備え、妨げ得ぬ速さを持ち、風のごとく常に自在なる主だ。
6.19.13	幼き頃、昇る太陽を見て渇きを覚え、三千ヨージャナの距離を飛んで——
6.19.14	『太陽を取って来よう。飢えは収まるまい』と力に驕って心に思い——
6.19.15	神仙やダーナヴァにさえ攻め難き太陽神に達する前に、太陽が昇る山に落ちた。
6.19.16	落ちたこの猿の顎の一方が岩の上でわずかに砕けた。堅き顎なればこそ——それゆえ彼はハヌマーンと呼ばれる。
6.19.17	まことに、伝承と修行の知識によって我はこの猿を知る。その力も姿も威光も言い尽くすことはできぬ。
6.19.18	この者は己一人の力でランカーを粉砕せんと豪語する。次に見えるこの勇者——黒く、蓮のごとき目を持つ者——
6.19.19	イクシュヴァーク族の最上の戦車戦士にして、武勇は世に名高い。法は彼において揺るがず、彼は法を踏み越えぬ。
6.19.20	ブラフマーの武器もヴェーダも知り、ヴェーダを知る者の中の最善。矢をもって天空を裂き、山々をも砕く。
6.19.21	その怒りは死神のごとく、武勇はインドラのごとし。このラーマが、王よ、汝と戦わんとして進軍する。
6.19.22	右手に立つ者——純金のごとき輝き、広き胸、赤き目、黒き巻き髪。
6.19.23	ラクシュマナという名のこの兄弟は、命に等しき愛しき者。政略にも戦にも巧みにして、一切の兵法に通じる。
6.19.24	不屈にして打ち負かし難く、勝利者にして、果敢で聡明、力強い。ラーマの右腕にして、常に外を歩む命そのものだ。
6.19.25	この者はラーガヴァのためなら命を惜しまぬ。戦場にて全羅刹を討滅せんと望む。
6.19.26	ラーマの左側に、羅刹の群に囲まれて立つ者——まさしくこれがヴィビーシャナ王だ。
6.19.27	輝ける王の中の王によりランカーの王として即位させられた。汝に対して怒りを抱き、戦わんとして進む。
6.19.28	中央に動かぬ山のごとく立つ者を見よ——すべての猿の長の主にして不敗の者。
6.19.29	威光、名声、知恵、知識、血統において、猿たちの中にヒマーラヤが山々の中に輝くがごとく際立つ者。
6.19.30	密林深きキシュキンダーの洞窟を治め、主要な将たちとともに山の要塞に拠る者。
6.19.31	百の蓮花を持つ黄金の花環が彼を飾る——神々と人間に愛され、吉祥が宿る花環だ。
6.19.32	この花環も、ターラーも、永遠の猿の王国も、スグリーヴァがヴァーリンを殺してラーマより授けられたものだ。
6.19.33	かくのごとくシャンカ（兆）の千倍とコーティ（億）の百倍の軍をもって、猿の王スグリーヴァが戦わんとして汝に進軍する。
6.19.34	王よ、この燃え立つ星のごとき到来せる大軍を見よ。全力をもって備えよ——勝利を得て敗北を蒙らぬように。」
6.20.1	シュカが指し示した猿の将たちを見、ラーマの傍らに己の弟ヴィビーシャナを見て——
6.20.2	大いなる武勇のラクシュマナとラーマの右腕を、そして恐るべき武勇の猿の王スグリーヴァを見て——
6.20.3	ラーヴァナはいささか心乱れ、怒りを生じた。話の末にシュカとサーラナの二人の勇者を叱責した。
6.20.4	うつむく二人に対し、怒りに声を詰まらせながら激しく厳しい言葉を浴びせた。
6.20.5	「罰と恩賞を司る王に対し、生計を依存する参謀が不快なことを述べるのは相応しくない。
6.20.6	戦を求めて押し寄せる敵対者たる敵どもを、場違いにも称賛するとは、汝ら二人には似合いの所業だ。
6.20.7	師匠も、導師も、長老も、汝らにとっては無駄に仕えたものだ。王の学問の肝要を学びながら、それに従って生きることを知らぬ。
6.20.8	学んだが理解せなんだか、知識の重荷だけを背負って言い散らかすのか。このような愚かな参謀に恵まれながらも、何と我は耐え忍んでおるわ。
6.20.9	命令を下す我の舌が吉凶を左右するというのに、死への恐れさえなく我に粗暴な言葉を投げるのか。
6.20.10	森の木々は火に触れても立ち残ることがある。だが王の怒りに触れた罪人は立ち残れぬ。
6.20.11	敵を賞賛するこの二人の愚か者を殺すところだが、過去の功績を思えば怒りも和らぐ。
6.20.12	去れ、我が前から消えよ。汝らを殺す気はない——かつての功績を覚えているからだ。だが恩知らずにして我への忠誠を背いた者は、すでに死んだも同然だ。」
6.20.13	こう言われた二人は恥じ入り、ラーヴァナに勝利の声をもって敬礼し、退出した。
6.20.14	十の首を持つ者は、傍らのマホーダラに言った。「政策に通じた間者どもを速やかに呼べ。」
6.20.15	間者たちは王の命を受けて急ぎ参上し、勝利の祝辞を述べて合掌して立った。
6.20.16	ラーヴァナは彼ら——信頼に足り、勇敢にして忠実、恐れを知らぬ間者たちにこう言った。
6.20.17	「ここから行き、ラーマの決意を探れ。密議に加わる者は誰か、彼と親しく会う者は誰か。
6.20.18	いかに眠り、いかに起き、次に何をなさんとしているか。すべてを巧みに知り、余すところなく報告せよ。
6.20.19	間者によって敵を知り尽くした賢き王は、わずかな労力で戦場にて敵を打ち破る。」
6.20.20	間者たちは「かしこまりました」と羅刹の主に喜んで応じ、右繞の礼をなしてラーマとラクシュマナのいる所へ赴いた。
6.20.21	彼らはスヴェーラ山の近くに潜み、ラーマとラクシュマナ、スグリーヴァとヴィビーシャナを目にした。
6.20.22	だが法に篤き羅刹の王ヴィビーシャナが、そこにいた羅刹たちを偶然にも見つけ、捕らえた。
6.20.23	果敢なる俊足の猿たちに痛めつけられた間者たちは、息も絶え絶え、意識も朦朧として再びランカーに逃げ帰った。
6.20.24	常に外を歩む夜の者たる間者たちは、十の首を持つ者のもとに戻り、スヴェーラ山の近くに恐るべき大軍を擁して布陣するラーガヴァの存在を報告した。
6.21.1	間者たちは、揺るぎなき大軍を擁するラーガヴァがスヴェーラ山に布陣したことをランカーの主に報告した。
6.21.2	間者の報告を聞き、ラーヴァナはいささか不安を覚え、シャールドゥーラにこう語った。
6.21.3	「夜の者よ、汝の顔色がいつもと違い、憔悴しているではないか。まさか怒れる敵の手に落ちたのではあるまいな。」
6.21.4	こう詰問されたシャールドゥーラは、恐怖にうろたえつつ、羅刹の虎たるラーヴァナにゆっくりと語った。
6.21.5	「王よ、猿の勇者たちに間者を送ることは不可能です。勇猛にして力強く、ラーガヴァに守られている。
6.21.6	近づくことすらできず、話しかけることもできず、探りを入れる余地もない。山のごとき猿たちがあらゆる道を守っている。
6.21.7	あの未だ偵察もできぬ軍に入るや否や、我は見つかった。大勢に力ずくで捕まえられ、散々に引き裂かれた。
6.21.8	膝で蹴られ、拳で殴られ、歯で噛まれ、掌で激しく打たれた。力ある怒りの猿たちにあちこち引き回された。
6.21.9	あらゆる所を引き回された後、血まみれで全身ふらつき、意識も朦朧としたまま、ラーマの前に連れて行かれた。
6.21.10	猿たちに殺されかけながら合掌して命乞いをし、ラーガヴァに救われて、偶然にも生き延びた。
6.21.11	ラーマは山と岩で大洋を埋め、ランカーの門に迫り、武器を手に立っている。
6.21.12	ガルダ鳥の陣形を組み、四方を猿に囲まれ、大いなる威光の者は我を解放してランカーに向かっている。
6.21.13	城壁に達する前に速やかに決断されよ——スィーターを返すか、戦を挑むか。」
6.21.14	この重大なシャールドゥーラの言葉を聞いて、羅刹の主は心中深く悩んだ。ラーヴァナはこう答えた。
6.21.15	「たとえ神・ガンダルヴァ・ダーナヴァが我に戦を挑もうとも、全世界を恐れようとも、決してスィーターを返さぬ。」
6.21.16	こう言い放った大いなる威光のラーヴァナは、再び尋ねた。「汝は軍勢を偵察した。猿の中で誰が勇者か。
6.21.17	いかなる姿で、いかなる力を持つのか。攻め難き猿たちは誰の子で誰の孫か。真実を語れ、羅刹よ。」
6.21.18	「それを知った上で手を打とう。彼らの兵力の強弱を知ることは、戦を望む者にとって不可欠だ。」
6.21.19	こうラーヴァナに問われた最上の間者シャールドゥーラは、ラーヴァナの前でこう語り始めた。
6.21.20	「リクシャラジャスの子にして、王よ、戦場にて打ち負かし難き者——ガドガダの子、ジャーンバヴァーンとして名高い者がおります。
6.21.21	ガドガダのもう一人の子、インドラの弟子の子——その息子一人で羅刹たちに大殺戮をなした者がいる。
6.21.22	法に篤き勇者スシェーナは法（ダルマ）の子。穏やかなるソーマの子ダディムカもここにおります。
6.21.23	スムカとドゥルムカ、そしてヴェーガダルシンという猿——死神が自ら猿の姿をとって創造の主が作り出した者に違いない。
6.21.24	火神の子ニーラは自ら将軍を務め、風神の子ハヌマーンとして名高い者もいる。
6.21.25	インドラの孫にして攻め難く力ある若きアンガダ。そしてマインダとドゥヴィヴィダの二人は力強きアシュヴィン双神の子。
6.21.26	ヤマの五人の子は時の終わりのごとく恐るべき者——ガジャ、ガヴァークシャ、ガヴァヤ、シャラバ、ガンダマーダナだ。
6.21.27	シュヴェータとジョーティルムカは太陽神の子。そしてヴァルナの子ヘーマクータという猿。
6.21.28	ヴィシュヴァカルマンの子ナラは猿の中の最善にして勇者。果敢にして素早きヴァスの子スドゥルダラもいる。
6.21.29	戦を望む勇猛にして輝ける神の子たちの猿は十コーティ（一億）を数える。残りを語り尽くすことは我にはできぬ。
6.21.30	ダシャラタの子、獅子のごとき体躯の若武者——ドゥーシャナとカラとトリシラスを討った者だ。
6.21.31	武勇においてこの地上にラーマに匹敵する者はいない。ヴィラーダを討ち、死神のごときカバンダをも討った。
6.21.32	この地上の誰もラーマの美徳を語り尽くすことはできぬ。ジャナスターナに駐屯していたあれほどの羅刹を討ったのだ。
6.21.33	法に篤きラクシュマナもまた、象の中の雄牛のごとし。その矢の射程に入れば、ヴァーサヴァ（インドラ）とて生き延びまい。
6.21.34	羅刹の中の最上にして御身の弟ヴィビーシャナは、ランカーの都を掌中にし、ラーガヴァの利益に尽くしている。
6.21.35	以上すべてをお伝えした——スヴェーラ山に布陣するこの猿の軍勢を。残りの対策は王の御手にかかっている。」
6.22.1	間者たちは、揺るぎなき大軍のラーガヴァがスヴェーラ山に布陣したことをランカーの主に報告した。
6.22.2	間者の報告を聞き、ラーヴァナはいささか不安を覚え、参謀たちにこう言った。
6.22.3	「参謀たちよ全員速やかに集まれ、心を集中して。羅刹たちよ、今こそ評議の時だ。」
6.22.4	王の命を聞き、参謀たちは急ぎ馳せ参じた。羅刹の参謀たちと協議した。
6.22.5	攻め難き者ラーヴァナは、次に何が適切かを検討し、参謀たちを解散させて己の宮殿に入った。
6.22.6	大いなる幻術の使い手ラーヴァナは、大力にして幻術に通じた羅刹ヴィドゥユッジフヴァを呼び、マイティリーのいる場所に入った。
6.22.7	ラーヴァナは幻術に長けたヴィドゥユッジフヴァにこう命じた。「幻術をもってジャナカの娘スィーターを惑わそう。
6.22.8	夜の者よ、幻術によるラーガヴァの首を作り、矢のついた大弓とともに我が前に持参せよ。」
6.22.9	こう命じられたヴィドゥユッジフヴァは「かしこまりました」と答えた。王は満足して彼に装飾品を与えた。
6.22.10	大力のクベーラの弟（ラーヴァナ）はアショーカの園に入り、憐れむべき哀れな者——顔を伏せ、悲嘆に沈み、地面に座る者を見た。
6.22.11	夫を想いつつアショーカの園に入った彼女を、恐ろしき羅刹女たちが近くで見張っていた。
6.22.12	ラーヴァナはスィーターに近づき、喜び勇んで名を呼び、ジャナカの娘にこの厚かましき言葉を述べた。
6.22.13	「気の毒な女よ、我がなだめようとしているにもかかわらず、汝が頼みとして得意がっている夫——あのカラを討ったラーガヴァは戦場で討たれた。
6.22.14	汝の依り所はすべて断たれた。汝の驕りは我が砕いた。スィーターよ、己の不運をもって、今こそ我が妻となれ。
6.22.15	薄福にして望みを失った愚か者よ、賢者気取りの者よ。スィーターよ、ヴリトラが討たれたときのごとき、恐ろしき夫の殺害を聞くがよい。
6.22.16	このラーガヴァは猿の王に率いられた大軍に囲まれ、我を討たんとして大洋の端に到着した。
6.22.17	南岸に到着して大軍を布陣させたラーマは、日が沈む頃に陣を構えた。
6.22.18	道中の疲れで真夜中に深い眠りについた軍を——先に間者が探り出していた——
6.22.19	プラハスタ率いる我が大軍が夜に襲撃し、ラーマとラクシュマナのいるその軍を壊滅させた。
6.22.20	刀剣・鉄棒・剣・円盤・大鉄棍・矢の網・槍・輝く棘付き槌——
6.22.21	杖・投げ槍・矛・円盤・杵を振り上げては猿たちに打ち下ろした。
6.22.22	眠れるラーマの首を、熟練の手を持つ猛将プラハスタが、大剣をもって一太刀で斬り落とした。
6.22.23	ヴィビーシャナは偶然捕らえられ、ラクシュマナは猿たち全員とともにあらゆる方角に追い散らされた。
6.22.24	猿の主スグリーヴァは頸を折られて横たわる。ハヌマーンは羅刹に討たれ、顎を砕かれて倒れている。
6.22.25	ジャーンバヴァーンは膝立ちで起き上がろうとしたところを戦場で討たれ、幾つもの刀で切り刻まれた——樹木が切り倒されるように。
6.22.26	マインダとドゥヴィヴィダの猿の雄牛たる二人も討たれた。喘ぎ泣きながら血にまみれている。
6.22.27	敵を滅ぼすパナサは剣で真ん中を斬られ、パナサ（パンノキ）のごとく大地に呻き倒れた。
6.22.28	ダリームカは多くの鉄矢に切り刻まれ谷間に横たわる。大いなる威光のクムダは矢に討たれ呻いている。
6.22.29	アンガダは羅刹たちに追いつかれ多くの矢で切り刻まれ、血を吐きながら大地に落ちた。
6.22.30	猿たちは象に踏みにじられ、他の者は戦車の群に轢かれ、風に吹き散らされる雲のごとく倒れ伏した。
6.22.31	他の者たちは恐れをなして逃げ走り、背後から討たれた。獅子に追われる大象のごとく羅刹たちに追い立てられた。
6.22.32	ある者は海に落ち、ある者は空に逃れ、熊は猿たちとともに木の上に登った。
6.22.33	海岸に、山に、森に——黄色い目の猿たちは、歪んだ目の多くの羅刹に多数討たれた。
6.22.34	かくして汝の夫は軍もろとも我が軍に討たれた。血に濡れ塵にまみれたこの首が持ち帰られた。」
6.22.35	極めて攻め難きラーヴァナはスィーターが聞いている前で羅刹女にこう命じた。
6.22.36	「残虐なる行いの羅刹ヴィドゥユッジフヴァを連れて来よ。戦場からあのラーガヴァの首を自ら持ち帰った者だ。」
6.22.37	ヴィドゥユッジフヴァはその首と弓矢を持ち、頭を下げてラーヴァナの前に立った。
6.22.38	ラーヴァナ王は傍らに立つ大舌の羅刹ヴィドゥユッジフヴァにこう命じた。
6.22.39	「速やかにダーシャラティの首をスィーターの前に置け。哀れな女に、夫の最期の姿をよく見させよ。」
6.22.40	こう命じられた羅刹は、見目麗しいその首をスィーターの前に置き、たちまち姿を消した。
6.22.41	ラーヴァナもまた輝ける大弓を投げ出し——三界に名高きもの——スィーターにこう言った。
6.22.42	「これが弦のついた汝のラーマの弓だ。プラハスタがあの人間を夜に討って、ここに持ち帰ったものだ。」
6.22.43	ヴィドゥユッジフヴァとともにその首と弓を地面に散らして置き、ラーヴァナはヴィデーハ王の名高き娘にこう言った。「我に従う者となれ。」
6.23.1	スィーターはその首と最上の弓を見、ハヌマーンが語ったスグリーヴァとの同盟を思い出した。
6.23.2	両目も、顔色も、夫のそれと寸分違わぬ顔だった。髪も、生え際も、そしてあの吉祥なる宝冠の宝珠も。
6.23.3	これらすべての特徴によって夫と認め、深く苦しみつつ、ミサゴのごとく泣き叫びながらカイケーイーを罵った。
6.23.4	「カイケーイーよ、満足するがよい。一族の誇りたるこの方が討たれた。争いを好む汝によって一族のすべてが滅ぼされたのだ。
6.23.5	高潔なるラーマが、一体カイケーイーに何の不快をなしたのか。家から樹皮の衣で森に追いやられたのに。」
6.23.6	こう語ったヴァイデーヒーは、震えおののく苦行者のごとく、切り倒されたバナナの木のように地に崩れ落ちた。
6.23.7	しばらくして気を取り直し、意識を回復したスィーターは、その首の匂いを嗅ぎ、大きな目から涙を流して嘆いた。
6.23.8	「ああ、大いなる腕の方よ。勇者の誓いに従った我は打ち倒された。この御身の最期の姿に至り、我は寡婦とされた。
6.23.9	女にとっての最初の死は夫の不幸だと言われる。善き行いの女にとって善き行いの御身が、我が前に倒れたのだ。
6.23.10	苦しみの上に苦しみに沈む我、悲嘆の海に溺れる我を救い出さんとした御身も、また打ち倒された。
6.23.11	我が姑カウサリヤーは、ラーガヴァよ、子を持つ息子たる御身を失い、子を失った母牛のごとく、慈愛深き母が子を亡くしたのだ。
6.23.12	計り知れぬ武勇の方よ、長寿を告げた者たちの言葉は偽りであった。ラーガヴァよ、御身は短命であった。
6.23.13	あるいは賢者にして善人たる御身の知恵すら失われるのか。時がこのように煮るのだ——時こそ万物の源泉なれば。
6.23.14	政道に通じ、災厄を避ける術を心得た御身が、なぜ見えぬ死に遭われたのか。御身は災いを避けることに巧みであったのに。
6.23.15	かくも恐ろしく極めて残酷なる死夜の女神に御身は抱きすくめられ、我から引き離されて奪われた、蓮の目の方よ。
6.23.16	大いなる腕の方よ、苦行の女たる我を捨てて、大地に横たわるのか——愛しき美しき女のごとく大地を抱いて、人の雄牛よ。
6.23.17	勇者よ、御身の愛する黄金で飾られたこの弓を、我は常に香と花環で心を込めて供養していた。
6.23.18	御身は父ダシャラタ、我が舅、そして先祖たちとともに天界で会われたのだろう。
6.23.19	天にあって星となった御身は、大いなる功績を愛しき者として成した。清浄なる王仙の血統を御身は顧みないのか。
6.23.20	王よ、なぜ我を見てくださらぬのか。なぜ語りかけてくださらぬのか。幼き日に幼き御身と結ばれた妻を、生涯の伴侶たるこの我を。
6.23.21	カークツタよ、手を取り結婚の誓いを立てた時の『ともに歩まん』というあの約束を思い出してくださいませ。苦しむ我をも連れて行ってくださいませ。
6.23.22	行く者の中の最善の方よ、なぜ我を残して行かれたのか。この世からあの世へ、苦しむ我をここに捨てて。
6.23.23	吉祥なる行いにふさわしく、我の腕に抱かれていたその体が、今は肉食の獣どもに引きずり回されているのだろう。
6.23.24	アグニシュトーマをはじめとする祭祀を、充分な布施とともに執り行われた御身が、なぜ火葬の儀式を受けられぬのか。
6.23.25	出家の旅に出た三人のうち一人が帰ってきたとき、悲嘆に暮れたカウサリヤーはラクシュマナに尋ねるだろう。
6.23.26	彼女に問われれば、ラクシュマナは御身の友軍の殺害と、夜に羅刹たちの手による御身の殺害を語るだろう。
6.23.27	眠っているところを討たれた御身のこと、我が羅刹の家に囚われていること——それを聞いた彼女は心臓が裂けて生きてはおるまい、ラーガヴァよ。
6.23.28	ラーヴァナよ、速やかに我をラーマの上に落としてくれ。妻を夫に添わせよ。この上なき善行をなせ。
6.23.29	我が首を彼の首と、我が体を彼の体と合わせよ。ラーヴァナよ、偉大なる魂の夫の行く先に我は従おう。罪深き者とともに一瞬たりとも生きることを望まぬ。
6.23.30	ヴェーダに通じた婆羅門たちの言葉を父の家で聞いた。夫を愛する女には偉大なる世界が待つと。
6.23.31	忍耐、自制、布施、真実、法、感謝、そして万物への不害——これらを備えた御身なくして、我に何の帰るべき所があろうか。」
6.23.32	かくのごとく苦悩に焼かれた大きな目のジャナカの娘は、夫の首と弓を見つめつつ嘆き悲しんだ。
6.23.33	スィーターがこのように嘆いている時、軍の中にいた一人の羅刹が主のもとに駆け寄り、合掌した。
6.23.34	「王子の御方に勝利あれ」と敬礼し機嫌を取った上で、軍の統帥プラハスタの到着を報告した。
6.23.35	「すべての大臣とともにプラハスタが参上しております。何か緊急のことがあるのでしょう。彼らに謁見をお願いします。」
6.23.36	この羅刹の報告を聞き、十の首を持つ者はアショーカの園を後にして参謀たちに会いに行った。
6.23.37	ラーマの武勇を知り、参謀たちとすべての己の務めを検討した上で、集会に入った。
6.23.38	その首と最上の弓は、ラーヴァナが退出すると同時に消え失せた。
6.23.39	羅刹の主は恐るべき武勇の参謀たちとともに、ラーマに対する戦いの方針を検討した。
6.23.40	近くに控える善意の軍司令官たちすべてに向かい、死神のごときラーヴァナは命じた。
6.23.41	「角の割れた棒で打ち鳴らされる太鼓の音とともに、速やかに軍を集めよ。理由を語る必要はない。」
6.23.42	軍司令官たちは「かしこまりました」とその言葉を受け、大いなる自らの軍を集めた。集結した軍を、戦を望む主に報告した。
6.24.1	幻術に惑わされたスィーターを見て、サラマーという名の羅刹女が速やかにヴァイデーヒーのもとに駆け寄った——愛しき親しき友として。
6.24.2	この者は、監視されるスィーターの友となっていた。ラーヴァナから守り、愛情深く、確固たる誓いの者だった。
6.24.3	サラマーは友スィーターが意識を失い、砂の中の牝馬のごとく立ち上がろうとしてよろめくのを見た。
6.24.4	善き誓いの友は愛情をこめてスィーターを慰めた。「ラーヴァナに何を言われ、汝自身は何と答えたか——
6.24.5	友の愛をもって、おびえたる者よ、すべてを我は聞いていた。暗がりの茂みに身を隠し、ラーヴァナへの恐れを捨てて。大きな目の方よ、汝のためなら命も惜しくない。
6.24.6	羅刹の主が慌てて出て行った理由も、マイティリーよ、すべてを知っている——出て行った後のことまで。
6.24.7	自らを知るラーマに対して寝込みを襲うことはできぬ。あの人中の虎を討つことなど不可能だ。
6.24.8	樹木を武器とする猿たちも殺せぬ。インドラが神々を守るように、ラーマに守られているのだから。
6.24.9	長く丸い腕を持つ輝ける方、広い胸の威厳ある弓の使い手、堅固な体躯の法に篤き方、この地に名高い。
6.24.10	果敢にして常に己と他者の守護者。弟ラクシュマナとともに健在にして、政道に通じている。
6.24.11	スィーターよ、敵を滅ぼす輝けるラーガヴァは討たれてはいない。計り知れぬ力と武勇の持ち主が、敵の大軍を殺す者が。
6.24.12	万物に敵対する邪悪なる者が、不当なる考えをもって恐ろしき幻術を、幻術の達人が汝に仕掛けたのだ。
6.24.13	汝の悲しみはすべて去った。幸福が汝に訪れようとしている。確かに吉祥が汝を抱く。喜ばしき嬉しき報せを聞くがよい。
6.24.14	ラーマは猿の軍勢とともに大洋を渡り、南岸に到着して布陣している。
6.24.15	カークツタはラクシュマナとともに、万事成就の態にて我が目に映った。海辺の軍勢に囲まれ、守られて立っている。
6.24.16	俊足のラーガヴァが派遣した羅刹の間者たちがここに報告を持ち帰った——ラーガヴァは渡り終えた、と。
6.24.17	大きな目の方よ、その報告を聞いた羅刹の主ラーヴァナは、今すべての参謀と協議している。」
6.24.18	羅刹女サラマーがスィーターとともにこう語っている時、軍の総動員の恐ろしき物音が聞こえた。
6.24.19	棒で激しく打ち鳴らされる太鼓の大音を聞き、甘美な声のサラマーはスィーターにこう言った。
6.24.20	「おびえる者よ、武装を促す恐ろしき太鼓の音だ。太鼓の深き響きと雷鳴のごとき音を聞くがよい。
6.24.21	狂える象たちは整えられ、戦車の馬は繋がれ、武装した歩兵があちこちで駆け回る。
6.24.22	王の大通りは異様な姿の軍勢で埋め尽くされる——吼え叫ぶ勢いある激流が海に注ぐがごとく。
6.24.23	磨かれた武器と盾と鎧、飾り立てられた戦車と馬と象と羅刹たちの——
6.24.24	さまざまな色の光が放たれるのを見よ——法にのっとり森を焼く火のごとく。
6.24.25	鈴の音を聞け、戦車の響きを聞け、嘶く馬の声を、楽器のごとき音を聞け。
6.24.26	武器を振りかざした羅刹の王の従者たちの、凄まじく身の毛もよだつ慌ただしさだ。
6.24.27	蓮の花弁のごとき目の方よ、悲しみを滅ぼす吉祥が汝を抱く。インドラからダイティヤに来るように、ラーマから羅刹たちに恐怖が来た。
6.24.28	怒りを制し、計り知れぬ武勇をもって、御身の夫はラーヴァナを戦場で討ち、汝を取り戻すだろう。
6.24.29	御身の夫はラクシュマナとともに羅刹たちに攻め入るだろう。ヴァーサヴァがヴィシュヌとともに敵に挑むがごとく。
6.24.30	到来したラーマが、敵を打ち倒した後、御身を膝に抱き、目的を達した姿を我は見るだろう。
6.24.31	美しき方よ、あの広い胸の方と再会し抱擁されて、汝は歓喜の涙を流すだろう。
6.24.32	スィーターよ、何月もの間腰に垂らし続けたこの編み髪を、大力のラーマは間もなく解いてくれるだろう。
6.24.33	昇った満月のごとき夫の顔を見れば、蛇が脱皮するように、汝は悲しみの涙を脱ぎ捨てるだろう。
6.24.34	マイティリーよ、間もなくラーヴァナを戦場で討ち、愛しき汝とともに、幸福に値する方は幸福を得るだろう。
6.24.35	豊かな雨とともに大地が実りを得るように、大いなる魂のラーマと再会して汝は喜ぶだろう。
6.24.36	王の山を巡りつつ馬のごとく素早く円を描く太陽——万物の源たるこの日輪に帰依せよ、女王よ。」
6.25.1	ラーヴァナの言葉に惑わされ苦悩するスィーターを、サラマーは天が雨で大地を潤すがごとく慰めた。
6.25.2	友の利益を望む友サラマーは、時を知る者として微笑みつつ語った。
6.25.3	「黒き目の方よ、我はラーマのもとに行き、汝の言葉を伝え、汝が健在なることを知らせ、密かに戻ることができよう。
6.25.4	足がかりなき空を行く我を追うことは、風にもガルダ鳥にもできぬ。」
6.25.5	こう語るサラマーにスィーターは、先の悲嘆に沈みつつも、滑らかな声で甘く答えた。
6.25.6	「汝は天にも地の底にも行ける者。為すべきことと為すべからざることを汝は我のために心得ている。
6.25.7	もし我のために何かをしてくれるなら、もし汝の決意が固いなら、行ってラーヴァナが何をしているか知りたい。
6.25.8	あの残酷なるラーヴァナは幻術の力をもつ敵を怖じさせる者。邪悪な心で我を惑わす——飲んだばかりの酒のごとくに。
6.25.9	常に我を脅し、何度も怯えさせる。恐ろしき羅刹女たちが絶えず我を見張っている。
6.25.10	我は動揺し恐れおののき、心は安らがぬ。その恐怖に駆られてこのアショーカの園に来たのだ。
6.25.11	もし彼の考えや決意したことを知らせてくれるなら、それは我にとって最大の恩恵だ。」
6.25.12	こう語るスィーターに、甘い声のサラマーは涙に震える彼女に触れながら言った。
6.25.13	「それが御身の望みならば、ジャーナキーよ、行って参ろう。敵の意図を探り、戻った我を見届けよ。」
6.25.14	こう告げて、あの羅刹のもとへ行き、参謀たちとともにいるラーヴァナの話を聞いた。
6.25.15	決意を知ることに長けたサラマーは、邪悪なる者の決意を聞き取り、速やかにアショーカの園に戻った。
6.25.16	再び入ると、自らの帰還を待ちわびるジャナカの娘を見た——落ちた蓮のごとき美しさで。
6.25.17	スィーターは戻った甘い声のサラマーを深く抱擁し、自ら座を勧めた。
6.25.18	「ここに座って、すべてを正直に教えてくれ。残酷なる邪悪なラーヴァナの決意を。」
6.25.19	震えるスィーターにこう言われたサラマーは、参謀たちとともにいたラーヴァナが語ったすべてを告げた。
6.25.20	「ヴァイデーヒーよ、羅刹の王は母から、誠実なる長老の参謀から、汝の釈放のために大いなる言葉をもって諭された。
6.25.21	『マイティリーを敬意をもって人の王に返すべし。ジャナスターナでの驚くべき出来事が充分な証拠だ。
6.25.22	大洋の横断も、ハヌマーンの出現も、戦場での羅刹の殺戮も——人間のうち、この地上で誰がなし得ようか。』
6.25.23	このように長老の参謀たちと母に繰り返し諫められたが、彼は汝を手放す気はない——利益を手放せぬ者が利益に執着するように。
6.25.24	マイティリーよ、殺されぬ限り彼は汝を放つことはない。戦場にて汝を解放するつもりはない——これが参謀たちとともにいる残忍な者の決意だ。
6.25.25	この確固たる決意は死の恐怖から来ている。戦場で打ち負かされぬ限り恐れのゆえに汝を手放せぬ——羅刹たちすべてと己自身の死によってのみ。
6.25.26	黒き目の方よ、鋭き矢でラーヴァナを戦場にて討ち、ラーマは汝をアヨーディヤーに連れ帰るだろう。」
6.25.27	その時、太鼓と法螺貝の入り混じる音が全軍から聞こえ、大地を震わせた。
6.25.28	猿の軍勢の音を聞き、ランカーに住む羅刹王の臣下たちは気力を失い、意気消沈して、王の過ちゆえに救いを見出せなかった。
6.26.1	法螺貝の混じる太鼓の音とともに、大いなる腕の敵城を砕くラーマが迫っていた。
6.26.2	その音を聞き、ラーヴァナは暫し沈思の後、参謀たちを見渡した。
6.26.3	その場のすべての参謀に語りかけ、大力のラーヴァナは集会を響かせてこう述べた。
6.26.4	「ラーマの大洋横断、武勇、軍勢の集結について汝らが語ったことは聞いた。汝らが戦場にて真の武勇を持つことも我は知る。」
6.26.5	大いなる知恵の羅刹マーリヤヴァーン——ラーヴァナの母方の祖父——がラーヴァナの言葉を聞いてこう述べた。
6.26.6	「王よ、学問に通じ、政道に従う王は、長く繁栄を治め、敵を服従させる。
6.26.7	時に応じて和睦し、敵と戦い、己の勢力を増やす者が、大いなる繁栄を得る。
6.26.8	劣勢にある王は和睦を結ぶべし。同等の者とも同様だ。敵を侮ってはならず、優勢な者こそ戦うべし。
6.26.9	それゆえ我はラーマとの和睦を勧める、ラーヴァナよ。我らが戦う原因たるスィーターを、彼に返すべきだ。
6.26.10	すべての神仙、ガンダルヴァも彼の勝利を望む。彼と敵対するな——彼との和睦を選ぶべし。
6.26.11	至高の主ブラフマーは二つの陣営を創った——神々と阿修羅を。法と非法がそれぞれの拠り所だ。
6.26.12	法は大いなる魂の神々の側と聞く。非法は羅刹たちの側であり阿修羅の側でもある、ラーヴァナよ。
6.26.13	法が非法を呑み込めばクリタ・ユガとなる。非法が法を呑み込めばティシュヤ（カリ・ユガ）が始まる。
6.26.14	世界を遊行する汝によって大いなる法は破壊され、非法が拡大した。ゆえに敵が我らより強い。
6.26.15	油断から汝に増大したその非法が蛇のごとく我らを呑み込む。そして神々を崇める者（ラーマ）が神々の側を強くする。
6.26.16	感覚的快楽に耽り、何をしようと構わぬ汝は、火のごとき聖仙たちに大いなる不安を与えた。彼らの力は燃え盛る火のごとく抗し難い。
6.26.17	苦行で己を浄めた法の加護に専念する者たち——婆羅門たちはさまざまな主要な祭祀を絶えず行っている。
6.26.18	法にのっとり護摩の火に供物を捧げ、ヴェーダを高らかに唱え、羅刹たちを圧倒してブラフマーの聖音を響かせる。追い散らされた者たちは四方に逃れた——雨期の雷鳴のごとく。
6.26.19	火のごとき聖仙たちの護摩の火から立ち昇る煙が十方に広がり、羅刹たちの威光を奪う。
6.26.20	それぞれの聖地にて堅固なる誓いの者たちが行う苛烈な苦行が、羅刹たちを焼き苦しめる。
6.26.21	さまざまな恐ろしき凶兆を見て、我はすべての羅刹の滅亡を予見する。
6.26.22	ロバの声で恐ろしく鳴る雲が、あらゆる方角からランカーに熱き血の雨を降らせる。
6.26.23	乗り物たちは泣き、涙の雫を落とす。旗は折れ色褪せ、かつてのように輝かぬ。
6.26.24	蛇やジャッカルや禿鷹が恐ろしく鳴き、絶えずランカーに侵入して群れをなす。
6.26.25	カーリカーの女たちが白き歯で笑いながら前に立ち、女たちは夢の中で家々を略奪し語りかける。
6.26.26	犬が家々の供物を食らい、ロバが牛から生まれ、鼠がマングースとともに生まれる。
6.26.27	猫が豹と、豚が犬と交わり、キンナラが羅刹や人間と交わる。
6.26.28	白く赤い脚の鳥たちが死に駆られ、羅刹の滅亡のために鳩が飛び回る。
6.26.29	家々に留まるインコが『チーキー・クーチー』と鳴く。戦好きな者たちは巻き込まれて負けて落ちる。
6.26.30	恐ろしく歪み頭を剃った黒褐色の人物——時が、すべての者の家を折々に見回る。これらの他にもさまざまな恐ろしき凶兆が現れている。
6.26.31	ラーマは人間の体を取ったヴィシュヌと我は考える。確固たる武勇のラーガヴァは人間のみの存在ではない。
6.26.32	彼によってあの極めて驚くべき大洋の橋が架けられた。ラーヴァナよ、人の王ラーマと和睦を結べ。」
6.26.33	マーリヤヴァーンはこの言葉を述べた後、羅刹の主の心を再び見極め、最上の武勇を持つ力ある者は黙ってラーヴァナを見つめた。
6.27.1	マーリヤヴァーンの有益なる言葉を、邪悪な心の十の顔の者は死の支配に陥りつつ、受け入れなかった。
6.27.2	顔に眉間のしわを寄せ、怒りの支配に落ち、憤りから目を剥いてマーリヤヴァーンにこう言った。
6.27.3	「善意のつもりで害ある言葉を、敵の側に入り込んで述べた厳しき言葉——我が耳には入らぬ。
6.27.4	父に捨てられ、森に住み、哀れな猿を頼みとする一人の卑小な人間ラーマを、なぜ有能と考えるのか。
6.27.5	羅刹の主にして神々をも恐れしめる我を、あらゆる武勇に欠けぬ我を、なぜ劣っていると見なすのか。
6.27.6	勇者への嫉妬か、敵への肩入れか、敵をけしかけるためか——我は汝に厳しい言葉を浴びせられた。
6.27.7	王座に就く力ある者に対し、敵のけしかけなくして、経典の真理を知る賢者が厳しい言葉を誰が述べようか。
6.27.8	森からスィーターを連れて来て——蓮を失った吉祥のごとき——なぜラーガヴァへの恐れから返さねばならぬのか。
6.27.9	幾億の猿を従え、スグリーヴァとラクシュマナを伴ったラーガヴァが、数日のうちに我に討たれるのを見よ。
6.27.10	一騎打ちにてこのラーヴァナの前に神々さえ立てぬというのに、戦場でなぜ恐れを感じようか。
6.27.11	たとえ二つに折れようとも誰にも頭を下げぬ。これが我が生まれ持った性であり、本性は超え難い。
6.27.12	たとえ偶然にせよ大洋に橋が架けられたとして——汝を恐れさせる驚くべきことが何かあるか。
6.27.13	大洋を渡ったラーマは猿の軍勢とともに——真実を誓おう——生きて帰ることはない。」
6.27.14	憤り怒っているラーヴァナを見て恥じ入ったマーリヤヴァーンは、反論せなかった。
6.27.15	しかるべき勝利の祝辞で王を祝福し、マーリヤヴァーンは許しを得て自らの住処に帰った。
6.27.16	ラーヴァナは参謀とともに協議し検討した上で、ランカーに比類なき防備を施した。
6.27.17	東門には羅刹プラハスタを配置した。南門には大いなる武勇のマハーパールシュヴァとマホーダラを。
6.27.18	西門には多くの羅刹に囲まれた大いなる幻術の使い手たる息子インドラジットを配した。
6.27.19	北門にはシュカとサーラナを配し、「ここには我自ら赴く」と参謀たちに告げた。
6.27.20	大いなる武勇と武力の羅刹ヴィルーパークシャを、多くの羅刹とともに中央の部隊に配した。
6.27.21	ランカーにこのような配置を施した羅刹の雄は、死の支配に陥りながらも己の目的を達したと考えた。
6.27.22	参謀たちを解散させ、都の万全なる防備を命じた後、参謀たちの勝利の祝辞に讃えられつつ、壮大なる後宮に入った。
6.28.1	人と猿の王たち、風神の子たる猿ハヌマーン、熊の王ジャーンバヴァーン、羅刹ヴィビーシャナ——
6.28.2	ヴァーリンの子アンガダ、スミトラーの子、猿のシャラバ、一族もろともスシェーナ、マインダとドゥヴィヴィダ——
6.28.3	ガジャ、ガヴァークシャ、クムダ、ナラ、そしてパナサ——これらの者たちは敵の領土に達し、集まって協議した。
6.28.4	「これがラーヴァナに守られたランカーの都だ。阿修羅・蛇・ガンダルヴァを従えた不死の神々にも攻め難い。
6.28.5	任務の成功を念頭に、決定的な対策を協議せよ。羅刹の主ラーヴァナは常にここに控えている。」
6.28.6	彼らがこのように語る中、ラーヴァナの弟ヴィビーシャナが、粗野ならぬ言葉遣いで、意味深き言葉を述べた。
6.28.7	「アナラ、シャラバ、サンパーティ、プラガサ——我が参謀たちがランカーの都に赴き、再びここに帰還した。
6.28.8	鳥に姿を変えて敵の軍に潜入し、施された防備を見て戻って来た。
6.28.9	邪悪なるラーヴァナの防備について彼らが報告したことを、ラーマよ、すべて正確に聞かれよ。
6.28.10	東門にはプラハスタが軍とともに陣取る。南門には大いなる武勇のマハーパールシュヴァとマホーダラ。
6.28.11	西門にはインドラジットが多くの羅刹に囲まれ——刀剣・弓を持つ者、槍・棍棒を手にする者——
6.28.12	さまざまな武器を持つ勇者たちとともにラーヴァナの子が立つ。幾千の武器を持った羅刹が控えている。
6.28.13	極めて警戒した状態で多くの羅刹に囲まれ、ラーヴァナ自身が北門に立つ。
6.28.14	ヴィルーパークシャは、槍・剣・弓を持った大いなる羅刹の軍勢とともに中央の部隊に陣取る。
6.28.15	我が参謀たちはランカーのこのような防備を確認した後、速やかにここに帰還した。
6.28.16	都には千頭の象、一万の戦車、二万の馬、そして一コーティ（千万）余りの羅刹がいる。
6.28.17	果敢にして力強く、戦場にて常に先制攻撃をかける者たち——羅刹の王に常に愛される夜の者たちだ。
6.28.18	人々の主よ、ここで戦う一人一人の羅刹に、千の千の従者がつく。」
6.28.19	参謀から報告されたランカーのこの情報をヴィビーシャナが伝えた後、蓮の花弁の目のラーマにこう付け加えた。
6.28.20	「ラーマよ、かつてラーヴァナがクベーラと戦った時には、六十万の羅刹が出撃した。
6.28.21	武勇と威光において、力の重みにおいて、驕りにおいて、邪悪なるラーヴァナに匹敵する者がいることも知れ。
6.28.22	ここで怒る必要はない。汝を怒らせるためでも脅すためでもない。御身の武勇は神々をも制するに足る。
6.28.23	四軍を備えた大軍を率いて、この猿の軍を布陣させ、ラーヴァナを粉砕されよ。」
6.28.24	ラーヴァナの弟がこう語ると、ラーガヴァは敵の撃退のためにこう命じた。
6.28.25	「ランカーの東門には猿の雄ニーラが多くの猿に囲まれてプラハスタに対峙せよ。
6.28.26	ヴァーリンの子アンガダは大軍を率いて南門でマハーパールシュヴァとマホーダラを撃退せよ。
6.28.27	風神の子ハヌマーンは西門を押さえ、計り知れぬ魂の者が多くの猿に囲まれて突入せよ。
6.28.28	ダイティヤ・ダーナヴァの群にも、大いなる魂の聖仙たちにも害を好む卑劣なる者——恩寵の力を得た者——
6.28.29	すべての世界を巡り民を苦しめるあの羅刹の王を、我自ら討つ決意を固めた。
6.28.30	北門を、我はスミトラーの子とともに押さえて突入する——軍とともに、ラーヴァナのいる場所に。
6.28.31	猿の王、熊の王ジャーンバヴァーン、そして羅刹の王の弟は中央の部隊に配置せよ。」
6.28.32	「戦場にて猿の者たちは人間の姿を取ってはならぬ。これが我らの猿の軍における合図とせよ。
6.28.33	猿の姿こそが味方の識別の印となる。我ら人間の姿で戦うのは七人のみだ。
6.28.34	我自身と弟ラクシュマナ、そして五人目の仲間たるヴィビーシャナだ。」
6.28.35	このようにヴィビーシャナに告げた後、思慮深きラーマはスヴェーラ山に登る決意をした。
6.28.36	大いなる魂のラーマは大軍をもって全大地を覆い、歓喜の姿でランカーに進軍した——敵を討つ決意を胸に。
